goal_id,driver_id,date,shift_start_time,shift_end_time,target_earnings,target_hours,current_earnings,current_hours,status,earnings_velocity,goal_completion_forecast,shift_duration_hours,elapsed_pct,remaining_hours,earnings_gap,name,city,shift_preference,avg_hours_per_day,avg_earnings_per_hour,experience_months,rating,current_velocity,target_velocity,velocity_ratio,velocity_delta,forecast_status,cumulative_earnings,elapsed_hours,trips_completed,rolling_velocity_mean,velocity_trend,velocity_consistency,n_velocity_entries,total_trips,total_fare,avg_fare,avg_base_fare,avg_duration_min,avg_distance_km,avg_trip_ev,avg_efficiency,avg_stress_score,high_surge_trips,long_trip_count,low_fare_count,high_surge_ratio,long_trip_ratio,low_fare_ratio,recent_avg_fare,recent_avg_base_fare,recent_avg_ev,recent_avg_stress,recent_fare_ratio,recent_ev_ratio,has_velocity_data,s1_pace_ratio,s2_velocity_ratio,s3_projection_ratio,s4_pressure_ratio,pace_score,pace_band,projected_earnings,driver_message,predicted_label
GOAL001,DRV001,2024-02-06,1900-01-01 06:30:00,1900-01-01 14:30:00,1400,8.0,1423,7.5,achieved,189.73,on_track,8.0,0.9375,0.5,0,Alex Kumar,Mumbai,morning,7.5,185,18,4.8,518.09,172.0,3.012151162790698,346.09000000000003,ahead,1461.0,2.82,5.0,518.09,0.0,0.0,1.0,3.0,1123.0,374.3333333333333,300.6515151515152,33.333333333333336,12.366666666666667,711.0964912280702,31.974506974506976,0.26666666666666666,1.0,2.0,0.0,0.3333333333333333,0.6666666666666666,0.0,374.3333333333333,300.6515151515152,711.0964912280702,0.26666666666666666,1.0,1.0,1,1.0841904761904761,3.012151162790698,1.2014607142857143,0.0,76.6,on_track,1682.045,"🟢 You're on track, Alex Kumar. You've earned ₹1423 of your ₹1400 goal (7.5 of 8.0 hours elapsed). Your current pace is ₹518/hr — ₹346 above the required ₹172/hr. At this pace you're projected to finish at ₹1682 — ₹282 above your goal.",on_track
GOAL002,DRV002,2024-02-06,1900-01-01 17:00:00,1900-01-01 23:00:00,1200,6.0,925,3.5,in_progress,264.29,on_track,6.0,0.5833333333333334,2.5,275,Priya Singh,Bangalore,evening,8.2,195,24,4.9,0.0,0.0,0.0,0.0,,0.0,0.0,0.0,0.0,0.0,0.0,0.0,1.0,447.0,447.0,406.3636363636363,23.0,11.1,1166.0869565217392,40.270270270270274,0.0,0.0,0.0,0.0,0.0,0.0,0.0,447.0,406.3636363636363,1166.0869565217392,0.0,1.0,1.0,0,1.3214285714285714,0.0,0.7708333333333334,0.55,42.6,at_risk_estimated,925.0,"🟠 You're at risk, Priya Singh. You've earned ₹925 of your ₹1200 goal (3.5 of 6.0 hours elapsed). Your current pace is ₹200/hr — ₹0 above the required ₹200/hr. At this pace you're projected to finish at ₹925 — ₹275 short of your goal. To close the gap, you need ₹110/hr over your remaining 2.5 hours. (Velocity estimated from goal data — no live log entry found.)",at_risk
GOAL003,DRV003,2024-02-06,1900-01-01 07:30:00,1900-01-01 17:30:00,1750,10.0,1148,5.2,in_progress,220.77,on_track,10.0,0.52,4.8,602,Rajesh Patel,Delhi,full_day,9.5,175,36,4.7,0.0,0.0,0.0,0.0,,0.0,0.0,0.0,0.0,0.0,0.0,0.0,3.0,692.0,230.66666666666666,184.74358974358975,27.0,11.933333333333332,505.45962732919253,19.022423784328545,0.26666666666666666,1.0,0.0,2.0,0.3333333333333333,0.0,0.6666666666666666,230.66666666666666,184.74358974358975,505.45962732919253,0.26666666666666666,1.0,1.0,0,1.2615384615384615,0.0,0.656,0.7166666666666667,38.4,at_risk_estimated,1148.0,"🟠 You're at risk, Rajesh Patel. You've earned ₹1148 of your ₹1750 goal (5.2 of 10.0 hours elapsed). Your current pace is ₹175/hr — ₹0 above the required ₹175/hr. At this pace you're projected to finish at ₹1148 — ₹602 short of your goal. To close the gap, you need ₹125/hr over your remaining 4.8 hours. (Velocity estimated from goal data — no live log entry found.)",at_risk
GOAL004,DRV004,2024-02-06,1900-01-01 06:00:00,1900-01-01 13:00:00,1100,7.0,403,2.3,in_progress,175.22,at_risk,7.0,0.32857142857142857,4.7,697,Meera Sharma,Pune,morning,6.8,180,12,4.6,1916.83,191.0,10.035759162303664,1725.83,ahead,1936.0,1.01,9.0,1499.1966666666667,137.11999999999946,0.2749482338969843,3.0,2.0,740.0,370.0,255.64285714285714,22.5,14.2,1014.1093117408907,26.056338028169016,0.0,2.0,0.0,0.0,1.0,0.0,0.0,370.0,255.64285714285714,1014.1093117408907,0.0,1.0,1.0,1,1.1150197628458498,10.035759162303664,2.0,0.7764286509969923,81.2,ahead,9412.101,"✅ You're ahead of pace, Meera Sharma. You've earned ₹403 of your ₹1100 goal (2.3 of 7.0 hours elapsed). Your current pace is ₹1917/hr — ₹1726 above the required ₹191/hr. At this pace you're projected to finish at ₹9412 — ₹8312 above your goal. Note: 100% of your trips have been high-surge — this pace may be harder to sustain once surge drops.",ahead
GOAL005,DRV005,2024-02-06,1900-01-01 13:30:00,1900-01-01 20:30:00,1300,7.0,546,2.8,in_progress,195.0,on_track,7.0,0.39999999999999997,4.2,754,Vikram Reddy,Hyderabad,afternoon,7.0,190,28,4.8,333.74,181.0,1.8438674033149172,152.74,ahead,1375.0,4.12,4.0,333.74,0.0,0.0,1.0,0.0,0.0,0.0,0.0,0.0,0.0,0.0,0.0,0.0,0.0,0.0,0.0,0.0,0.0,0.0,0.0,0.0,0.0,0.0,0.0,0.0,1,1.05,1.8438674033149172,1.4982369230769232,0.9918442515127598,68.7,on_track,1947.708,"🟢 You're on track, Vikram Reddy. You've earned ₹546 of your ₹1300 goal (2.8 of 7.0 hours elapsed). Your current pace is ₹334/hr — ₹153 above the required ₹181/hr. At this pace you're projected to finish at ₹1948 — ₹648 above your goal.",on_track
GOAL006,DRV006,2024-02-06,1900-01-01 17:30:00,1900-01-01 23:30:00,1500,6.0,633,2.5,in_progress,253.2,on_track,6.0,0.4166666666666667,3.5,867,Anjali Nair,Mumbai,evening,8.5,200,32,4.9,0.0,0.0,0.0,0.0,,0.0,0.0,0.0,0.0,0.0,0.0,0.0,0.0,0.0,0.0,0.0,0.0,0.0,0.0,0.0,0.0,0.0,0.0,0.0,0.0,0.0,0.0,0.0,0.0,0.0,0.0,0.0,0.0,0,1.0128,0.0,0.422,0.9908571428571429,29.1,off_track_estimated,633.0,"🔴 You're off track, Anjali Nair. You've earned ₹633 of your ₹1500 goal (2.5 of 6.0 hours elapsed). Your current pace is ₹250/hr — ₹0 above the required ₹250/hr. At this pace you're projected to finish at ₹633 — ₹867 short of your goal. To close the gap, you need ₹248/hr over your remaining 3.5 hours. (Velocity estimated from goal data — no live log entry found.)",at_risk
GOAL007,DRV007,2024-02-06,1900-01-01 06:30:00,1900-01-01 13:30:00,1200,7.0,245,2.0,in_progress,122.5,at_risk,7.0,0.2857142857142857,5.0,955,Suresh Kumar,Bangalore,morning,7.2,178,15,4.7,298.13,173.0,1.7232947976878612,125.13,ahead,2233.0,7.49,8.0,298.13,0.0,0.0,1.0,3.0,937.0,312.3333333333333,230.7301587301587,27.666666666666668,15.233333333333334,772.6080539742779,20.360559441286476,0.3333333333333333,2.0,1.0,1.0,0.6666666666666666,0.3333333333333333,0.3333333333333333,312.3333333333333,230.7301587301587,772.6080539742779,0.3333333333333333,1.0,1.0,1,0.7145833333333333,1.7232947976878612,1.446375,1.1040462427745665,61.1,slightly_behind,1735.65,"🟡 You're slightly behind pace, Suresh Kumar. You've earned ₹245 of your ₹1200 goal (2.0 of 7.0 hours elapsed). Your current pace is ₹298/hr — ₹125 above the required ₹173/hr. At this pace you're projected to finish at ₹1736 — ₹536 above your goal. Note: 67% of your trips have been high-surge — this pace may be harder to sustain once surge drops.",at_risk
GOAL008,DRV008,2024-02-06,1900-01-01 08:00:00,1900-01-01 18:00:00,1700,10.0,856,4.5,in_progress,190.22,on_track,10.0,0.45,5.5,844,Divya Menon,Chennai,full_day,9.0,188,22,4.8,814.62,165.0,4.937090909090909,649.62,ahead,1059.0,1.3,9.0,369.2366666666667,343.5999999999999,0.8539793071710425,3.0,0.0,0.0,0.0,0.0,0.0,0.0,0.0,0.0,0.0,0.0,0.0,0.0,0.0,0.0,0.0,0.0,0.0,0.0,0.0,0.0,0.0,1,1.118954248366013,4.937090909090909,2.0,0.9300275482093664,79.7,on_track,5336.41,"🟢 You're on track, Divya Menon. You've earned ₹856 of your ₹1700 goal (4.5 of 10.0 hours elapsed). Your current pace is ₹815/hr — ₹650 above the required ₹165/hr. At this pace you're projected to finish at ₹5336 — ₹3636 above your goal.",on_track
GOAL009,DRV009,2024-02-06,1900-01-01 14:00:00,1900-01-01 20:00:00,1100,6.0,384,2.0,in_progress,192.0,on_track,6.0,0.3333333333333333,4.0,716,Karthik Iyer,Mumbai,afternoon,6.5,192,19,4.7,153.49,188.0,0.816436170212766,-34.50999999999999,at_risk,660.0,4.3,9.0,158.125,-9.269999999999992,0.02931225296442682,2.0,0.0,0.0,0.0,0.0,0.0,0.0,0.0,0.0,0.0,0.0,0.0,0.0,0.0,0.0,0.0,0.0,0.0,0.0,0.0,0.0,0.0,1,1.0472727272727274,0.816436170212766,0.9072363636363636,0.9521276595744681,47.4,slightly_behind,997.96,"🟡 You're slightly behind pace, Karthik Iyer. You've earned ₹384 of your ₹1100 goal (2.0 of 6.0 hours elapsed). Your current pace is ₹153/hr — ₹35 below the required ₹188/hr. At this pace you're projected to finish at ₹998 — ₹102 short of your goal.",at_risk
GOAL010,DRV010,2024-02-06,1900-01-01 06:00:00,1900-01-01 13:00:00,1300,7.0,728,4.2,in_progress,173.33,at_risk,7.0,0.6,2.8,572,Sneha Reddy,Hyderabad,morning,7.8,182,26,4.8,878.32,172.0,5.106511627906977,706.32,ahead,1256.0,1.43,11.0,568.35,619.9399999999998,0.5453857658133193,2.0,0.0,0.0,0.0,0.0,0.0,0.0,0.0,0.0,0.0,0.0,0.0,0.0,0.0,0.0,0.0,0.0,0.0,0.0,0.0,0.0,0.0,1,0.9333333333333335,5.106511627906977,2.0,1.1877076411960135,74.8,on_track,3187.296,"🟢 You're on track, Sneha Reddy. You've earned ₹728 of your ₹1300 goal (4.2 of 7.0 hours elapsed). Your current pace is ₹878/hr — ₹706 above the required ₹172/hr. At this pace you're projected to finish at ₹3187 — ₹1887 above your goal.",on_track
GOAL011,DRV012,2024-02-06,1900-01-01 09:08:00,1900-01-01 19:18:00,1719,7.9,1530,3.9,achieved,392.31,at_risk,10.166666666666666,0.3836065573770492,6.266666666666666,189,Rekha Driver12,Chennai,morning,6.2,180,39,4.5,2310.75,165.0,14.004545454545454,2145.75,ahead,2149.0,0.93,10.0,2310.75,0.0,0.0,1.0,1.0,445.0,445.0,317.8571428571429,19.0,10.4,1405.2631578947369,42.78846153846154,0.0,1.0,0.0,0.0,1.0,0.0,0.0,445.0,317.8571428571429,1405.2631578947369,0.0,1.0,1.0,1,2.320221953729807,14.004545454545454,2.0,0.18278529980657643,98.2,ahead,16010.699999999997,"✅ You're ahead of pace, Rekha Driver12. You've earned ₹1530 of your ₹1719 goal (3.9 of 10.2 hours elapsed). Your current pace is ₹2311/hr — ₹2146 above the required ₹165/hr. At this pace you're projected to finish at ₹16011 — ₹14292 above your goal. Note: 100% of your trips have been high-surge — this pace may be harder to sustain once surge drops.",ahead
GOAL012,DRV013,2024-02-06,1900-01-01 09:08:00,1900-01-01 16:18:00,1297,6.9,1036,6.5,in_progress,159.38,at_risk,7.166666666666667,0.9069767441860465,0.666666666666667,261,Shweta Driver13,Bangalore,evening,8.1,182,15,5.0,55.12,202.0,0.27287128712871284,-146.88,at_risk,156.0,2.83,9.0,55.12,0.0,0.0,1.0,1.0,217.0,217.0,166.9230769230769,33.0,17.2,394.54545454545456,12.616279069767442,0.4,0.0,1.0,0.0,0.0,1.0,0.0,217.0,166.9230769230769,394.54545454545456,0.4,1.0,1.0,1,0.8806911412925291,0.27287128712871284,0.8270984322796197,1.9381188118811874,27.4,off_track,1072.7466666666667,"🔴 You're off track, Shweta Driver13. You've earned ₹1036 of your ₹1297 goal (6.5 of 7.2 hours elapsed). Your current pace is ₹55/hr — ₹147 below the required ₹202/hr. At this pace you're projected to finish at ₹1073 — ₹224 short of your goal. To close the gap, you need ₹391/hr over your remaining 0.7 hours.",at_risk
GOAL013,DRV014,2024-02-06,1900-01-01 09:14:00,1900-01-01 16:24:00,1309,6.3,1099,7.1,achieved,154.79,ahead,7.166666666666667,0.9906976744186046,0.06666666666666732,210,Ravi Driver14,Pune,full_day,8.9,182,29,4.5,32.75,180.0,0.18194444444444444,-147.25,at_risk,205.0,6.26,1.0,32.75,0.0,0.0,1.0,0.0,0.0,0.0,0.0,0.0,0.0,0.0,0.0,0.0,0.0,0.0,0.0,0.0,0.0,0.0,0.0,0.0,0.0,0.0,0.0,0.0,1,0.8474554994853256,0.18194444444444444,0.841240132416603,2.0,25.5,off_track,1101.1833333333334,"🔴 You're off track, Ravi Driver14. You've earned ₹1099 of your ₹1309 goal (7.1 of 7.2 hours elapsed). Your current pace is ₹33/hr — ₹147 below the required ₹180/hr. At this pace you're projected to finish at ₹1101 — ₹208 short of your goal.",at_risk
GOAL014,DRV015,2024-02-06,1900-01-01 08:55:00,1900-01-01 17:05:00,1352,7.7,285,5.5,achieved,51.82,ahead,8.166666666666666,0.6734693877551021,2.666666666666666,1067,Shweta Driver15,Mumbai,morning,8.7,198,37,4.8,1139.77,187.0,6.095026737967914,952.77,ahead,1949.0,1.71,12.0,1139.77,0.0,0.0,1.0,0.0,0.0,0.0,0.0,0.0,0.0,0.0,0.0,0.0,0.0,0.0,0.0,0.0,0.0,0.0,0.0,0.0,0.0,0.0,0.0,0.0,1,0.3130043033889187,6.095026737967914,2.0,2.0,58.9,slightly_behind,3324.386666666666,"🟡 You're slightly behind pace, Shweta Driver15. You've earned ₹285 of your ₹1352 goal (5.5 of 8.2 hours elapsed). Your current pace is ₹1140/hr — ₹953 above the required ₹187/hr. At this pace you're projected to finish at ₹3324 — ₹1972 above your goal.",at_risk
GOAL015,DRV016,2024-02-06,1900-01-01 08:25:00,1900-01-01 18:35:00,1685,8.4,1275,5.7,at_risk,223.68,on_track,10.166666666666666,0.5606557377049181,4.466666666666666,410,Sandeep Driver16,Delhi,full_day,6.0,173,43,5.0,434.45,177.0,2.4545197740112994,257.45,ahead,2207.0,5.08,14.0,434.45,0.0,0.0,1.0,3.0,737.0,245.66666666666666,218.9230769230769,28.0,13.6,558.9938556067588,19.37241771966467,0.0,0.0,0.0,0.0,0.0,0.0,0.0,245.66666666666666,218.9230769230769,558.9938556067588,0.0,1.0,1.0,1,1.3496277786454267,2.4545197740112994,1.9083343224530167,0.5185934733114091,85.3,ahead,3215.543333333333,"✅ You're ahead of pace, Sandeep Driver16. You've earned ₹1275 of your ₹1685 goal (5.7 of 10.2 hours elapsed). Your current pace is ₹434/hr — ₹257 above the required ₹177/hr. At this pace you're projected to finish at ₹3216 — ₹1531 above your goal.",ahead
GOAL016,DRV017,2024-02-06,1900-01-01 10:06:00,1900-01-01 19:16:00,1567,9.3,286,7.2,in_progress,39.72,ahead,9.166666666666666,0.7854545454545455,1.966666666666666,1281,Naveen Driver17,Ahmedabad,afternoon,8.4,181,16,4.5,0.0,0.0,0.0,0.0,,0.0,0.0,0.0,0.0,0.0,0.0,0.0,1.0,143.0,143.0,130.0,31.0,17.2,276.77419354838713,8.313953488372093,0.4,0.0,0.0,1.0,0.0,0.0,1.0,143.0,130.0,276.77419354838713,0.4,1.0,1.0,0,0.23236781772199766,0.0,0.18251435864709636,2.0,5.6,off_track_estimated,286.0,"🔴 You're off track, Naveen Driver17. You've earned ₹286 of your ₹1567 goal (7.2 of 9.2 hours elapsed). Your current pace is ₹171/hr — ₹0 above the required ₹171/hr. At this pace you're projected to finish at ₹286 — ₹1281 short of your goal. To close the gap, you need ₹651/hr over your remaining 2.0 hours. (Velocity estimated from goal data — no live log entry found.)",at_risk
GOAL017,DRV018,2024-02-06,1900-01-01 10:25:00,1900-01-01 16:35:00,1671,7.5,1491,7.8,in_progress,191.15,at_risk,6.166666666666667,1.0,0.0,180,Kavitha Driver18,Chennai,full_day,7.5,185,25,4.6,316.97,189.0,1.6770899470899472,127.97000000000003,ahead,1943.0,6.13,9.0,293.08000000000004,47.779999999999966,0.08151357990992225,2.0,1.0,426.0,426.0,327.6923076923077,34.0,12.8,751.7647058823529,33.28125,0.4,0.0,1.0,0.0,0.0,1.0,0.0,426.0,327.6923076923077,751.7647058823529,0.4,1.0,1.0,1,0.7054350995105035,1.6770899470899472,0.8922800718132855,2.0,43.2,at_risk,1491.0,"🟠 You're at risk, Kavitha Driver18. You've earned ₹1491 of your ₹1671 goal (7.8 of 6.2 hours elapsed). Your current pace is ₹317/hr — ₹128 above the required ₹189/hr. At this pace you're projected to finish at ₹1491 — ₹180 short of your goal.",at_risk
GOAL018,DRV019,2024-02-06,1900-01-01 09:25:00,1900-01-01 17:35:00,1392,7.8,1065,3.4,in_progress,313.24,ahead,8.166666666666666,0.4163265306122449,4.766666666666666,327,Amit Driver19,Hyderabad,full_day,8.8,178,34,4.8,43.81,168.0,0.2607738095238095,-124.19,at_risk,336.0,7.67,13.0,43.81,0.0,0.0,1.0,0.0,0.0,0.0,0.0,0.0,0.0,0.0,0.0,0.0,0.0,0.0,0.0,0.0,0.0,0.0,0.0,0.0,0.0,0.0,0.0,0.0,1,1.8377070655848546,0.2607738095238095,0.9151060823754789,0.4083416583416584,55.9,slightly_behind,1273.8276666666666,"🟡 You're slightly behind pace, Amit Driver19. You've earned ₹1065 of your ₹1392 goal (3.4 of 8.2 hours elapsed). Your current pace is ₹44/hr — ₹124 below the required ₹168/hr. At this pace you're projected to finish at ₹1274 — ₹118 short of your goal.",at_risk
GOAL019,DRV020,2024-02-06,1900-01-01 10:57:00,1900-01-01 17:07:00,1574,9.3,1125,2.1,at_risk,535.71,on_track,6.166666666666667,0.34054054054054056,4.066666666666666,449,Sandeep Driver20,Hyderabad,evening,8.5,205,48,4.5,420.26,202.0,2.0804950495049503,218.26,ahead,2261.0,5.38,7.0,420.26,0.0,0.0,1.0,1.0,178.0,178.0,118.66666666666667,31.0,10.4,344.51612903225805,17.115384615384613,0.4,1.0,0.0,1.0,1.0,0.0,1.0,178.0,118.66666666666667,344.51612903225805,0.4,1.0,1.0,1,2.0988382646578323,2.0804950495049503,1.800544684455739,0.5465833468592761,91.5,ahead,2834.057333333333,"✅ You're ahead of pace, Sandeep Driver20. You've earned ₹1125 of your ₹1574 goal (2.1 of 6.2 hours elapsed). Your current pace is ₹420/hr — ₹218 above the required ₹202/hr. At this pace you're projected to finish at ₹2834 — ₹1260 above your goal. Note: 100% of your trips have been high-surge — this pace may be harder to sustain once surge drops.",ahead
GOAL020,DRV021,2024-02-06,1900-01-01 07:49:00,1900-01-01 17:59:00,1659,6.5,1046,3.6,in_progress,290.56,on_track,10.166666666666666,0.35409836065573774,6.566666666666666,613,Manoj Driver21,Hyderabad,evening,9.2,178,19,4.7,222.98,171.0,1.3039766081871345,51.97999999999999,ahead,1271.0,5.7,13.0,222.98,0.0,0.0,1.0,2.0,450.0,225.0,186.15384615384613,30.0,9.6,462.63157894736844,23.39880629408573,0.4,0.0,1.0,1.0,0.0,0.5,0.5,225.0,186.15384615384613,462.63157894736844,0.4,1.0,1.0,1,1.780579554841158,1.3039766081871345,1.5131014667470362,0.5459079170006235,75.8,on_track,2510.235333333333,"🟢 You're on track, Manoj Driver21. You've earned ₹1046 of your ₹1659 goal (3.6 of 10.2 hours elapsed). Your current pace is ₹223/hr — ₹52 above the required ₹171/hr. At this pace you're projected to finish at ₹2510 — ₹851 above your goal.",on_track
GOAL021,DRV022,2024-02-06,1900-01-01 09:37:00,1900-01-01 16:47:00,1565,6.4,863,6.0,at_risk,143.83,on_track,7.166666666666667,0.8372093023255813,1.166666666666667,702,Amit Driver22,Bangalore,evening,8.0,196,42,4.6,186.26,168.0,1.1086904761904761,18.25999999999999,ahead,1071.0,5.75,15.0,186.26,0.0,0.0,1.0,0.0,0.0,0.0,0.0,0.0,0.0,0.0,0.0,0.0,0.0,0.0,0.0,0.0,0.0,0.0,0.0,0.0,0.0,0.0,0.0,0.0,1,0.6586616968406106,1.1086904761904761,0.6902896698615548,2.0,32.4,at_risk,1080.3033333333333,"🟠 You're at risk, Amit Driver22. You've earned ₹863 of your ₹1565 goal (6.0 of 7.2 hours elapsed). Your current pace is ₹186/hr — ₹18 above the required ₹168/hr. At this pace you're projected to finish at ₹1080 — ₹485 short of your goal. To close the gap, you need ₹602/hr over your remaining 1.2 hours.",at_risk
GOAL022,DRV023,2024-02-06,1900-01-01 06:05:00,1900-01-01 12:15:00,1560,8.5,374,4.9,achieved,76.33,ahead,6.166666666666667,0.7945945945945946,1.2666666666666666,1186,Shweta Driver23,Mumbai,morning,6.1,179,11,4.8,0.0,0.0,0.0,0.0,,0.0,0.0,0.0,0.0,0.0,0.0,0.0,0.0,0.0,0.0,0.0,0.0,0.0,0.0,0.0,0.0,0.0,0.0,0.0,0.0,0.0,0.0,0.0,0.0,0.0,0.0,0.0,0.0,0,0.3017181231466946,0.0,0.23974358974358975,2.0,7.4,off_track_estimated,374.0,"🔴 You're off track, Shweta Driver23. You've earned ₹374 of your ₹1560 goal (4.9 of 6.2 hours elapsed). Your current pace is ₹253/hr — ₹0 above the required ₹253/hr. At this pace you're projected to finish at ₹374 — ₹1186 short of your goal. To close the gap, you need ₹936/hr over your remaining 1.3 hours. (Velocity estimated from goal data — no live log entry found.)",at_risk
GOAL023,DRV024,2024-02-06,1900-01-01 10:39:00,1900-01-01 17:49:00,1487,8.2,289,6.5,achieved,44.46,ahead,7.166666666666667,0.9069767441860465,0.666666666666667,1198,Manoj Driver24,Hyderabad,afternoon,9.4,186,17,4.9,674.93,186.0,3.6286559139784944,488.92999999999995,ahead,2396.0,3.55,11.0,674.93,0.0,0.0,1.0,2.0,523.0,261.5,210.28846153846155,26.0,14.35,605.2623688155923,18.632709807886755,0.0,0.0,0.0,0.0,0.0,0.0,0.0,261.5,210.28846153846155,605.2623688155923,0.0,1.0,1.0,1,0.21428448260997018,3.6286559139784944,0.49694238959874476,2.0,35.1,at_risk,738.9533333333335,"🟠 You're at risk, Manoj Driver24. You've earned ₹289 of your ₹1487 goal (6.5 of 7.2 hours elapsed). Your current pace is ₹675/hr — ₹489 above the required ₹186/hr. At this pace you're projected to finish at ₹739 — ₹748 short of your goal. To close the gap, you need ₹1797/hr over your remaining 0.7 hours.",at_risk
GOAL024,DRV025,2024-02-06,1900-01-01 07:10:00,1900-01-01 14:20:00,1283,9.1,305,4.2,achieved,72.62,ahead,7.166666666666667,0.586046511627907,2.966666666666667,978,Rekha Driver25,Pune,morning,7.3,198,14,4.8,380.9,198.0,1.9237373737373735,182.89999999999998,ahead,2213.0,5.81,5.0,319.9833333333333,125.62500000000003,0.42958690849095355,3.0,1.0,364.0,364.0,242.66666666666666,21.0,16.5,1040.0,22.060606060606062,0.0,1.0,0.0,0.0,1.0,0.0,0.0,364.0,242.66666666666666,1040.0,0.0,1.0,1.0,1,0.40564030236672477,1.9237373737373735,1.1184749285528708,1.6649642492339123,49.2,slightly_behind,1435.0033333333333,"🟡 You're slightly behind pace, Rekha Driver25. You've earned ₹305 of your ₹1283 goal (4.2 of 7.2 hours elapsed). Your current pace is ₹381/hr — ₹183 above the required ₹198/hr. At this pace you're projected to finish at ₹1435 — ₹152 above your goal. Note: 100% of your trips have been high-surge — this pace may be harder to sustain once surge drops.",at_risk
GOAL025,DRV026,2024-02-06,1900-01-01 09:18:00,1900-01-01 16:28:00,1220,9.6,1183,2.8,at_risk,422.5,at_risk,7.166666666666667,0.3906976744186046,4.366666666666667,37,Priya Driver26,Pune,full_day,6.8,188,11,5.0,157.07,184.0,0.853641304347826,-26.930000000000007,at_risk,300.0,1.91,14.0,157.07,0.0,0.0,1.0,1.0,432.0,432.0,308.5714285714286,22.0,10.8,1178.1818181818182,40.0,0.0,1.0,0.0,0.0,1.0,0.0,0.0,432.0,308.5714285714286,1178.1818181818182,0.0,1.0,1.0,1,2.4818989071038255,0.853641304347826,1.5318625683060108,0.04605044805841354,78.2,on_track,1868.8723333333332,"🟢 You're on track, Priya Driver26. You've earned ₹1183 of your ₹1220 goal (2.8 of 7.2 hours elapsed). Your current pace is ₹157/hr — ₹27 below the required ₹184/hr. At this pace you're projected to finish at ₹1869 — ₹649 above your goal. Note: 100% of your trips have been high-surge — this pace may be harder to sustain once surge drops.",on_track
GOAL026,DRV027,2024-02-06,1900-01-01 06:29:00,1900-01-01 15:39:00,1610,8.2,211,5.5,achieved,38.36,on_track,9.166666666666666,0.6000000000000001,3.666666666666666,1399,Ravi Driver27,Kolkata,evening,9.4,173,8,4.8,0.0,0.0,0.0,0.0,,0.0,0.0,0.0,0.0,0.0,0.0,0.0,0.0,0.0,0.0,0.0,0.0,0.0,0.0,0.0,0.0,0.0,0.0,0.0,0.0,0.0,0.0,0.0,0.0,0.0,0.0,0.0,0.0,0,0.21842650103519667,0.0,0.13105590062111802,2.0,4.7,off_track_estimated,211.0,"🔴 You're off track, Ravi Driver27. You've earned ₹211 of your ₹1610 goal (5.5 of 9.2 hours elapsed). Your current pace is ₹176/hr — ₹0 above the required ₹176/hr. At this pace you're projected to finish at ₹211 — ₹1399 short of your goal. To close the gap, you need ₹382/hr over your remaining 3.7 hours. (Velocity estimated from goal data — no live log entry found.)",at_risk
GOAL027,DRV028,2024-02-06,1900-01-01 07:37:00,1900-01-01 16:47:00,1564,7.6,362,5.4,in_progress,67.04,on_track,9.166666666666666,0.5890909090909092,3.7666666666666657,1202,Manoj Driver28,Ahmedabad,afternoon,9.2,193,45,4.7,1172.58,176.0,6.662386363636363,996.5799999999999,ahead,2181.0,1.86,14.0,710.4399999999999,924.2799999999996,0.6504982827543494,2.0,1.0,260.0,260.0,162.5,30.0,17.7,520.0,14.689265536723164,0.0,1.0,0.0,0.0,1.0,0.0,0.0,260.0,162.5,520.0,0.0,1.0,1.0,1,0.39290676012756137,6.662386363636363,2.0,1.8131536604987937,61.8,slightly_behind,4778.717999999999,"🟡 You're slightly behind pace, Manoj Driver28. You've earned ₹362 of your ₹1564 goal (5.4 of 9.2 hours elapsed). Your current pace is ₹1173/hr — ₹997 above the required ₹176/hr. At this pace you're projected to finish at ₹4779 — ₹3215 above your goal. Note: 100% of your trips have been high-surge — this pace may be harder to sustain once surge drops.",at_risk
GOAL028,DRV029,2024-02-06,1900-01-01 10:17:00,1900-01-01 20:27:00,1743,8.2,625,1.8,in_progress,347.22,on_track,10.166666666666666,0.17704918032786887,8.366666666666665,1118,Kavitha Driver29,Pune,afternoon,7.0,181,12,4.5,350.76,173.0,2.027514450867052,177.76,ahead,926.0,2.64,7.0,225.945,249.62999999999988,0.5524131979021444,2.0,0.0,0.0,0.0,0.0,0.0,0.0,0.0,0.0,0.0,0.0,0.0,0.0,0.0,0.0,0.0,0.0,0.0,0.0,0.0,0.0,0.0,1,2.0252969550158304,2.027514450867052,2.0,0.7724017225894112,92.3,ahead,3559.6919999999996,"✅ You're ahead of pace, Kavitha Driver29. You've earned ₹625 of your ₹1743 goal (1.8 of 10.2 hours elapsed). Your current pace is ₹351/hr — ₹178 above the required ₹173/hr. At this pace you're projected to finish at ₹3560 — ₹1817 above your goal.",ahead
GOAL029,DRV030,2024-02-06,1900-01-01 08:02:00,1900-01-01 15:12:00,1133,8.7,1058,5.4,achieved,195.93,on_track,7.166666666666667,0.7534883720930233,1.7666666666666666,75,Lakshmi Driver30,Bangalore,full_day,6.1,187,43,4.6,184.42,170.0,1.0848235294117647,14.419999999999987,ahead,994.0,5.39,9.0,184.42,0.0,0.0,1.0,0.0,0.0,0.0,0.0,0.0,0.0,0.0,0.0,0.0,0.0,0.0,0.0,0.0,0.0,0.0,0.0,0.0,0.0,0.0,0.0,0.0,1,1.2393078574308347,1.0848235294117647,1.221366872609591,0.24972253052164264,64.9,slightly_behind,1383.8086666666666,"🟡 You're slightly behind pace, Lakshmi Driver30. You've earned ₹1058 of your ₹1133 goal (5.4 of 7.2 hours elapsed). Your current pace is ₹184/hr — ₹14 above the required ₹170/hr. At this pace you're projected to finish at ₹1384 — ₹251 above your goal.",at_risk
GOAL030,DRV031,2024-02-06,1900-01-01 06:06:00,1900-01-01 15:16:00,1282,6.6,782,5.5,at_risk,142.18,ahead,9.166666666666666,0.6000000000000001,3.666666666666666,500,Lakshmi Driver31,Hyderabad,morning,7.2,179,10,4.5,126.81,182.0,0.6967582417582417,-55.19,at_risk,965.0,7.61,2.0,126.81,0.0,0.0,1.0,3.0,832.0,277.3333333333333,220.5209235209235,32.0,16.266666666666666,516.5562336530079,16.546163798191788,0.26666666666666666,2.0,1.0,1.0,0.6666666666666666,0.3333333333333333,0.3333333333333333,277.3333333333333,220.5209235209235,516.5562336530079,0.26666666666666666,1.0,1.0,1,1.016640665626625,0.6967582417582417,0.9726755070202806,0.7492507492507493,48.5,slightly_behind,1246.9699999999998,"🟡 You're slightly behind pace, Lakshmi Driver31. You've earned ₹782 of your ₹1282 goal (5.5 of 9.2 hours elapsed). Your current pace is ₹127/hr — ₹55 below the required ₹182/hr. At this pace you're projected to finish at ₹1247 — ₹35 short of your goal. Note: 67% of your trips have been high-surge — this pace may be harder to sustain once surge drops.",at_risk
GOAL031,DRV032,2024-02-06,1900-01-01 10:36:00,1900-01-01 20:46:00,1281,9.9,937,7.6,in_progress,123.29,at_risk,10.166666666666666,0.7475409836065574,2.5666666666666664,344,Amit Driver32,Mumbai,evening,7.7,205,30,4.4,26.23,197.0,0.13314720812182743,-170.77,at_risk,186.0,7.09,8.0,26.23,0.0,0.0,1.0,2.0,466.0,233.0,183.33333333333331,26.5,13.15,517.4780058651027,17.711152882205514,0.2,1.0,0.0,1.0,0.5,0.0,0.5,233.0,183.33333333333331,517.4780058651027,0.2,1.0,1.0,1,0.9784878863826232,0.13314720812182743,0.784015352589123,0.6803348935328631,38.9,at_risk,1004.3236666666667,"🟠 You're at risk, Amit Driver32. You've earned ₹937 of your ₹1281 goal (7.6 of 10.2 hours elapsed). Your current pace is ₹26/hr — ₹171 below the required ₹197/hr. At this pace you're projected to finish at ₹1004 — ₹277 short of your goal. To close the gap, you need ₹134/hr over your remaining 2.6 hours.",at_risk
GOAL032,DRV033,2024-02-06,1900-01-01 08:23:00,1900-01-01 17:33:00,1169,9.0,1063,5.1,achieved,208.43,at_risk,9.166666666666666,0.5563636363636364,4.066666666666666,106,Amit Driver33,Pune,afternoon,7.8,202,18,4.6,125.52,181.0,0.6934806629834254,-55.480000000000004,at_risk,787.0,6.27,4.0,125.52,0.0,0.0,1.0,1.0,203.0,203.0,145.0,27.0,14.7,451.1111111111111,13.80952380952381,0.4,1.0,0.0,1.0,1.0,0.0,1.0,203.0,145.0,451.1111111111111,0.4,1.0,1.0,1,1.6344062575129852,0.6934806629834254,1.3459777587681778,0.1440086948645956,67.8,on_track,1573.4479999999999,"🟢 You're on track, Amit Driver33. You've earned ₹1063 of your ₹1169 goal (5.1 of 9.2 hours elapsed). Your current pace is ₹126/hr — ₹55 below the required ₹181/hr. At this pace you're projected to finish at ₹1573 — ₹404 above your goal. Note: 100% of your trips have been high-surge — this pace may be harder to sustain once surge drops.",on_track
GOAL033,DRV034,2024-02-06,1900-01-01 07:07:00,1900-01-01 15:17:00,1437,8.1,1274,2.9,in_progress,439.31,ahead,8.166666666666666,0.35510204081632657,5.266666666666666,163,Priya Driver34,Kolkata,morning,7.2,183,29,4.6,0.0,0.0,0.0,0.0,,0.0,0.0,0.0,0.0,0.0,0.0,0.0,1.0,284.0,284.0,202.85714285714286,37.0,10.6,460.5405405405405,26.79245283018868,0.4,1.0,1.0,0.0,1.0,1.0,0.0,284.0,202.85714285714286,460.5405405405405,0.4,1.0,1.0,0,2.496660507602844,0.0,0.8865692414752957,0.17588946733261104,56.5,slightly_behind_estimated,1274.0,"🟡 You're slightly behind pace, Priya Driver34. You've earned ₹1274 of your ₹1437 goal (2.9 of 8.2 hours elapsed). Your current pace is ₹176/hr — ₹0 above the required ₹176/hr. At this pace you're projected to finish at ₹1274 — ₹163 short of your goal. Note: 100% of your trips have been high-surge — this pace may be harder to sustain once surge drops. (Velocity estimated from goal data — no live log entry found.)",at_risk
GOAL034,DRV035,2024-02-06,1900-01-01 06:06:00,1900-01-01 16:16:00,1744,8.1,379,4.6,at_risk,82.39,ahead,10.166666666666666,0.4524590163934426,5.566666666666666,1365,Rekha Driver35,Pune,full_day,9.5,170,15,4.8,823.9,167.0,4.933532934131736,656.9,ahead,1310.0,1.59,10.0,823.9,0.0,0.0,1.0,1.0,429.0,429.0,330.0,33.0,14.9,780.0,28.79194630872483,0.4,0.0,1.0,0.0,0.0,1.0,0.0,429.0,330.0,780.0,0.4,1.0,1.0,1,0.480300990559766,4.933532934131736,2.0,1.4683208433432535,66.3,on_track,4965.376666666666,"🟢 You're on track, Rekha Driver35. You've earned ₹379 of your ₹1744 goal (4.6 of 10.2 hours elapsed). Your current pace is ₹824/hr — ₹657 above the required ₹167/hr. At this pace you're projected to finish at ₹4965 — ₹3221 above your goal.",on_track
GOAL035,DRV036,2024-02-06,1900-01-01 08:27:00,1900-01-01 18:37:00,1424,7.0,1377,8.0,achieved,172.12,on_track,10.166666666666666,0.7868852459016394,2.166666666666666,47,Kiran Driver36,Pune,afternoon,9.4,190,32,4.9,0.0,0.0,0.0,0.0,,0.0,0.0,0.0,0.0,0.0,0.0,0.0,0.0,0.0,0.0,0.0,0.0,0.0,0.0,0.0,0.0,0.0,0.0,0.0,0.0,0.0,0.0,0.0,0.0,0.0,0.0,0.0,0.0,0,1.2288886938202246,0.0,0.9669943820224719,0.15487251512532413,48.3,slightly_behind_estimated,1377.0,"🟡 You're slightly behind pace, Kiran Driver36. You've earned ₹1377 of your ₹1424 goal (8.0 of 10.2 hours elapsed). Your current pace is ₹140/hr — ₹0 above the required ₹140/hr. At this pace you're projected to finish at ₹1377 — ₹47 short of your goal. (Velocity estimated from goal data — no live log entry found.)",at_risk
GOAL036,DRV037,2024-02-06,1900-01-01 10:36:00,1900-01-01 19:46:00,1632,8.9,1219,4.7,in_progress,259.36,ahead,9.166666666666666,0.5127272727272728,4.466666666666666,413,Pooja Driver37,Kolkata,evening,7.9,188,9,4.9,263.61,192.0,1.37296875,71.61000000000001,ahead,891.0,3.38,5.0,263.61,0.0,0.0,1.0,0.0,0.0,0.0,0.0,0.0,0.0,0.0,0.0,0.0,0.0,0.0,0.0,0.0,0.0,0.0,0.0,0.0,0.0,0.0,0.0,0.0,1,1.4567906063134473,1.37296875,1.4684178921568625,0.4815764925373135,72.6,on_track,2396.4579999999996,"🟢 You're on track, Pooja Driver37. You've earned ₹1219 of your ₹1632 goal (4.7 of 9.2 hours elapsed). Your current pace is ₹264/hr — ₹72 above the required ₹192/hr. At this pace you're projected to finish at ₹2396 — ₹764 above your goal.",on_track
GOAL037,DRV038,2024-02-06,1900-01-01 07:45:00,1900-01-01 15:55:00,1298,6.0,249,4.5,in_progress,55.33,ahead,8.166666666666666,0.5510204081632654,3.666666666666666,1049,Neha Driver38,Ahmedabad,full_day,6.2,182,28,4.7,0.0,0.0,0.0,0.0,,0.0,0.0,0.0,0.0,0.0,0.0,0.0,2.0,486.0,243.0,191.54761904761907,30.0,9.850000000000001,481.6666666666667,26.262946522933838,0.4,1.0,1.0,1.0,0.5,0.5,0.5,243.0,191.54761904761907,481.6666666666667,0.4,1.0,1.0,0,0.3481424413627803,0.0,0.19183359013867488,1.8000070037820426,9.2,off_track_estimated,249.0,"🔴 You're off track, Neha Driver38. You've earned ₹249 of your ₹1298 goal (4.5 of 8.2 hours elapsed). Your current pace is ₹159/hr — ₹0 above the required ₹159/hr. At this pace you're projected to finish at ₹249 — ₹1049 short of your goal. To close the gap, you need ₹286/hr over your remaining 3.7 hours. (Velocity estimated from goal data — no live log entry found.)",at_risk
GOAL038,DRV039,2024-02-06,1900-01-01 07:51:00,1900-01-01 17:01:00,1524,7.7,883,3.8,at_risk,232.37,on_track,9.166666666666666,0.41454545454545455,5.366666666666666,641,Pooja Driver39,Delhi,morning,8.2,183,48,4.9,1011.97,173.0,5.849537572254335,838.97,ahead,1437.0,1.42,10.0,548.7066666666666,293.56499999999994,0.6181594826471905,3.0,3.0,938.0,312.6666666666667,255.66666666666666,25.0,13.766666666666667,749.5421245421245,26.6612795649274,0.0,2.0,0.0,0.0,0.6666666666666666,0.0,0.0,312.6666666666667,255.66666666666666,749.5421245421245,0.0,1.0,1.0,1,1.3976665745729153,5.849537572254335,2.0,0.6904103687215022,85.6,ahead,6313.905666666667,"✅ You're ahead of pace, Pooja Driver39. You've earned ₹883 of your ₹1524 goal (3.8 of 9.2 hours elapsed). Your current pace is ₹1012/hr — ₹839 above the required ₹173/hr. At this pace you're projected to finish at ₹6314 — ₹4790 above your goal. Note: 67% of your trips have been high-surge — this pace may be harder to sustain once surge drops.",ahead
GOAL039,DRV040,2024-02-06,1900-01-01 06:40:00,1900-01-01 13:50:00,1388,7.0,338,3.5,at_risk,96.57,ahead,7.166666666666667,0.4883720930232558,3.666666666666667,1050,Shweta Driver40,Bangalore,afternoon,7.9,197,12,4.8,263.53,175.0,1.505885714285714,88.52999999999997,ahead,1178.0,4.47,6.0,263.53,0.0,0.0,1.0,0.0,0.0,0.0,0.0,0.0,0.0,0.0,0.0,0.0,0.0,0.0,0.0,0.0,0.0,0.0,0.0,0.0,0.0,0.0,0.0,0.0,1,0.49862769315218886,1.505885714285714,0.9396805955811719,1.6363636363636362,42.8,at_risk,1304.2766666666666,"🟠 You're at risk, Shweta Driver40. You've earned ₹338 of your ₹1388 goal (3.5 of 7.2 hours elapsed). Your current pace is ₹264/hr — ₹89 above the required ₹175/hr. At this pace you're projected to finish at ₹1304 — ₹84 short of your goal. To close the gap, you need ₹286/hr over your remaining 3.7 hours.",at_risk
GOAL040,DRV041,2024-02-06,1900-01-01 08:49:00,1900-01-01 14:59:00,1216,8.7,549,4.1,at_risk,133.9,ahead,6.166666666666667,0.6648648648648647,2.0666666666666673,667,Sanjay Driver41,Mumbai,full_day,8.5,172,13,4.4,445.24,191.0,2.3310994764397908,254.24,ahead,2244.0,5.04,14.0,504.14,-117.80000000000001,0.11683262585789657,2.0,1.0,361.0,361.0,328.18181818181813,28.0,16.5,773.5714285714286,21.87878787878788,0.0,0.0,0.0,0.0,0.0,0.0,0.0,361.0,328.18181818181813,773.5714285714286,0.0,1.0,1.0,1,0.6790556803594353,2.3310994764397908,1.2081929824561406,1.6897483533186957,54.7,slightly_behind,1469.162666666667,"🟡 You're slightly behind pace, Sanjay Driver41. You've earned ₹549 of your ₹1216 goal (4.1 of 6.2 hours elapsed). Your current pace is ₹445/hr — ₹254 above the required ₹191/hr. At this pace you're projected to finish at ₹1469 — ₹253 above your goal.",at_risk
GOAL041,DRV042,2024-02-06,1900-01-01 06:53:00,1900-01-01 13:03:00,1298,7.3,892,7.5,achieved,118.93,at_risk,6.166666666666667,1.0,0.0,406,Lakshmi Driver42,Hyderabad,morning,8.0,184,24,4.6,604.86,168.0,3.600357142857143,436.86,ahead,2238.0,3.7,5.0,287.9066666666667,277.53,0.8105412672484549,3.0,4.0,1523.0,380.75,288.5800137362637,31.75,14.475,720.2857142857143,26.331614578502947,0.2,2.0,2.0,0.0,0.5,0.5,0.0,360.3333333333333,279.5352564102564,665.7142857142858,0.26666666666666666,0.9463777631866929,0.9242364141213805,1,0.565040232836843,3.600357142857143,0.687211093990755,2.0,42.4,at_risk,892.0,"🟠 You're at risk, Lakshmi Driver42. You've earned ₹892 of your ₹1298 goal (7.5 of 6.2 hours elapsed). Your current pace is ₹605/hr — ₹437 above the required ₹168/hr. At this pace you're projected to finish at ₹892 — ₹406 short of your goal.",at_risk
GOAL042,DRV043,2024-02-06,1900-01-01 06:41:00,1900-01-01 13:51:00,1593,6.6,1143,7.3,at_risk,156.58,at_risk,7.166666666666667,1.0,0.0,450,Kiran Driver43,Kolkata,full_day,7.1,194,15,4.7,0.0,0.0,0.0,0.0,,0.0,0.0,0.0,0.0,0.0,0.0,0.0,3.0,847.0,282.3333333333333,222.7777777777778,34.666666666666664,11.966666666666667,486.7078368691272,24.011268956422708,0.26666666666666666,1.0,2.0,0.0,0.3333333333333333,0.6666666666666666,0.0,282.3333333333333,222.7777777777778,486.7078368691272,0.26666666666666666,1.0,1.0,0,0.7044088434847665,0.0,0.7175141242937854,2.0,19.6,off_track_estimated,1143.0,"🔴 You're off track, Kiran Driver43. You've earned ₹1143 of your ₹1593 goal (7.3 of 7.2 hours elapsed). Your current pace is ₹222/hr — ₹0 above the required ₹222/hr. At this pace you're projected to finish at ₹1143 — ₹450 short of your goal. (Velocity estimated from goal data — no live log entry found.)",at_risk
GOAL043,DRV044,2024-02-06,1900-01-01 09:50:00,1900-01-01 18:00:00,1157,9.3,506,5.2,at_risk,97.31,at_risk,8.166666666666666,0.6367346938775511,2.966666666666666,651,Kavitha Driver44,Bangalore,morning,8.5,174,30,5.0,0.0,0.0,0.0,0.0,,0.0,0.0,0.0,0.0,0.0,0.0,0.0,0.0,0.0,0.0,0.0,0.0,0.0,0.0,0.0,0.0,0.0,0.0,0.0,0.0,0.0,0.0,0.0,0.0,0.0,0.0,0.0,0.0,0,0.6868448463089776,0.0,0.4373379429559205,1.54890116826741,19.7,off_track_estimated,506.0,"🔴 You're off track, Kavitha Driver44. You've earned ₹506 of your ₹1157 goal (5.2 of 8.2 hours elapsed). Your current pace is ₹142/hr — ₹0 above the required ₹142/hr. At this pace you're projected to finish at ₹506 — ₹651 short of your goal. To close the gap, you need ₹219/hr over your remaining 3.0 hours. (Velocity estimated from goal data — no live log entry found.)",at_risk
GOAL044,DRV045,2024-02-06,1900-01-01 10:34:00,1900-01-01 16:44:00,1313,8.3,879,6.7,achieved,131.19,on_track,6.166666666666667,1.0,0.0,434,Pooja Driver45,Hyderabad,evening,8.1,188,36,4.6,1169.13,171.0,6.83701754385965,998.1300000000001,ahead,1742.0,1.49,13.0,1169.13,0.0,0.0,1.0,1.0,335.0,335.0,223.33333333333334,33.0,15.8,609.0909090909091,21.202531645569618,0.4,1.0,1.0,0.0,1.0,1.0,0.0,335.0,223.33333333333334,609.0909090909091,0.4,1.0,1.0,1,0.6161689647724818,6.83701754385965,0.6694592536176694,2.0,42.7,at_risk,879.0,"🟠 You're at risk, Pooja Driver45. You've earned ₹879 of your ₹1313 goal (6.7 of 6.2 hours elapsed). Your current pace is ₹1169/hr — ₹998 above the required ₹171/hr. At this pace you're projected to finish at ₹879 — ₹434 short of your goal. Note: 100% of your trips have been high-surge — this pace may be harder to sustain once surge drops.",at_risk
GOAL045,DRV046,2024-02-06,1900-01-01 07:17:00,1900-01-01 13:27:00,1447,9.9,1294,7.0,at_risk,184.86,ahead,6.166666666666667,1.0,0.0,153,Rahul Driver46,Ahmedabad,afternoon,7.9,178,33,4.9,0.0,0.0,0.0,0.0,,0.0,0.0,0.0,0.0,0.0,0.0,0.0,5.0,1440.0,288.0,219.803663003663,25.4,14.439999999999998,699.9010752688171,22.616185595831173,0.16,2.0,0.0,2.0,0.4,0.0,0.4,297.3333333333333,228.64102564102564,659.2795698924731,0.13333333333333333,1.0324074074074074,0.9419610759124178,0,0.7878039951294962,0.0,0.89426399447132,2.0,23.3,off_track_estimated,1294.0,"🔴 You're off track, Rahul Driver46. You've earned ₹1294 of your ₹1447 goal (7.0 of 6.2 hours elapsed). Your current pace is ₹235/hr — ₹0 above the required ₹235/hr. At this pace you're projected to finish at ₹1294 — ₹153 short of your goal. (Velocity estimated from goal data — no live log entry found.)",at_risk
GOAL046,DRV047,2024-02-06,1900-01-01 09:11:00,1900-01-01 19:21:00,1219,9.5,969,3.5,achieved,276.86,ahead,10.166666666666666,0.3442622950819672,6.666666666666666,250,Priya Driver47,Hyderabad,afternoon,7.0,193,8,4.7,54.0,184.0,0.29347826086956524,-130.0,at_risk,371.0,6.87,8.0,45.239999999999995,17.519999999999992,0.19363395225464197,2.0,2.0,670.0,335.0,209.375,26.5,14.850000000000001,901.3333333333333,22.32134645452037,0.2,2.0,1.0,0.0,1.0,0.5,0.0,335.0,209.375,901.3333333333333,0.2,1.0,1.0,1,2.3090355091995782,0.29347826086956524,1.0902378999179656,0.20380434782608697,63.0,slightly_behind,1329.0,"🟡 You're slightly behind pace, Priya Driver47. You've earned ₹969 of your ₹1219 goal (3.5 of 10.2 hours elapsed). Your current pace is ₹54/hr — ₹130 below the required ₹184/hr. At this pace you're projected to finish at ₹1329 — ₹110 above your goal. Note: 100% of your trips have been high-surge — this pace may be harder to sustain once surge drops.",at_risk
GOAL047,DRV048,2024-02-06,1900-01-01 06:17:00,1900-01-01 15:27:00,1188,8.0,443,3.9,achieved,113.59,on_track,9.166666666666666,0.4254545454545455,5.266666666666666,745,Priya Driver48,Delhi,morning,6.1,195,42,4.7,0.0,0.0,0.0,0.0,,0.0,0.0,0.0,0.0,0.0,0.0,0.0,4.0,865.0,216.25,171.1007326007326,23.0,15.75,574.644849302744,13.958733415835237,0.1,2.0,0.0,1.0,0.5,0.0,0.25,222.33333333333334,180.99145299145297,568.1931324036588,0.0,1.028131021194605,0.9887726881970429,0,0.8764640709085153,0.0,0.3728956228956229,1.0914791373652135,25.6,off_track_estimated,443.0,"🔴 You're off track, Priya Driver48. You've earned ₹443 of your ₹1188 goal (3.9 of 9.2 hours elapsed). Your current pace is ₹130/hr — ₹0 above the required ₹130/hr. At this pace you're projected to finish at ₹443 — ₹745 short of your goal. To close the gap, you need ₹141/hr over your remaining 5.3 hours. (Velocity estimated from goal data — no live log entry found.)",at_risk
GOAL048,DRV049,2024-02-06,1900-01-01 10:19:00,1900-01-01 17:29:00,1214,7.5,238,6.6,in_progress,36.06,at_risk,7.166666666666667,0.9209302325581394,0.5666666666666673,976,Arun Driver49,Hyderabad,afternoon,8.6,192,21,4.6,511.08,198.0,2.581212121212121,313.08,ahead,1753.0,3.43,12.0,427.37,167.41999999999987,0.1958724290427498,2.0,1.0,292.0,292.0,182.5,27.0,11.2,648.8888888888889,26.071428571428573,0.0,1.0,0.0,0.0,1.0,0.0,0.0,292.0,182.5,648.8888888888889,0.0,1.0,1.0,1,0.21287837185695507,2.581212121212121,0.4346062602965406,2.0,34.2,at_risk,527.6120000000003,"🟠 You're at risk, Arun Driver49. You've earned ₹238 of your ₹1214 goal (6.6 of 7.2 hours elapsed). Your current pace is ₹511/hr — ₹313 above the required ₹198/hr. At this pace you're projected to finish at ₹528 — ₹686 short of your goal. To close the gap, you need ₹1722/hr over your remaining 0.6 hours. Note: 100% of your trips have been high-surge — this pace may be harder to sustain once surge drops.",at_risk
GOAL049,DRV050,2024-02-06,1900-01-01 10:01:00,1900-01-01 19:11:00,1612,6.6,896,7.5,at_risk,119.47,ahead,9.166666666666666,0.8181818181818182,1.666666666666666,716,Sandeep Driver50,Delhi,afternoon,6.6,186,20,4.5,221.99,173.0,1.2831791907514452,48.99000000000001,ahead,1272.0,5.73,5.0,221.99,0.0,0.0,1.0,2.0,468.0,234.0,159.71428571428572,26.0,14.35,529.2857142857142,16.04093567251462,0.2,2.0,0.0,1.0,1.0,0.0,0.5,234.0,159.71428571428572,529.2857142857142,0.2,1.0,1.0,1,0.6793493245106148,1.2831791907514452,0.7853494623655912,2.0,36.3,at_risk,1265.9833333333331,"🟠 You're at risk, Sandeep Driver50. You've earned ₹896 of your ₹1612 goal (7.5 of 9.2 hours elapsed). Your current pace is ₹222/hr — ₹49 above the required ₹173/hr. At this pace you're projected to finish at ₹1266 — ₹346 short of your goal. To close the gap, you need ₹430/hr over your remaining 1.7 hours. Note: 100% of your trips have been high-surge — this pace may be harder to sustain once surge drops.",at_risk
GOAL050,DRV051,2024-02-06,1900-01-01 08:49:00,1900-01-01 16:59:00,1246,9.1,401,6.8,at_risk,58.97,ahead,8.166666666666666,0.8326530612244898,1.3666666666666663,845,Naveen Driver51,Mumbai,full_day,8.3,174,26,4.8,0.0,0.0,0.0,0.0,,0.0,0.0,0.0,0.0,0.0,0.0,0.0,0.0,0.0,0.0,0.0,0.0,0.0,0.0,0.0,0.0,0.0,0.0,0.0,0.0,0.0,0.0,0.0,0.0,0.0,0.0,0.0,0.0,0,0.3865113461114783,0.0,0.3218298555377207,2.0,9.7,off_track_estimated,401.0,"🔴 You're off track, Naveen Driver51. You've earned ₹401 of your ₹1246 goal (6.8 of 8.2 hours elapsed). Your current pace is ₹153/hr — ₹0 above the required ₹153/hr. At this pace you're projected to finish at ₹401 — ₹845 short of your goal. To close the gap, you need ₹618/hr over your remaining 1.4 hours. (Velocity estimated from goal data — no live log entry found.)",at_risk
GOAL051,DRV052,2024-02-06,1900-01-01 07:13:00,1900-01-01 13:23:00,1570,7.6,1269,2.3,achieved,551.74,on_track,6.166666666666667,0.37297297297297294,3.866666666666667,301,Vijay Driver52,Bangalore,afternoon,8.5,201,29,4.6,340.54,203.0,1.677536945812808,137.54000000000002,ahead,630.0,1.85,12.0,340.54,0.0,0.0,1.0,2.0,649.0,324.5,216.33333333333334,33.0,10.8,599.6666666666666,32.062415806017064,0.2,2.0,1.0,0.0,1.0,0.5,0.0,324.5,216.33333333333334,599.6666666666666,0.2,1.0,1.0,1,2.167128219329826,1.677536945812808,1.6469774946921445,0.3834720570749108,86.8,ahead,2585.7546666666667,"✅ You're ahead of pace, Vijay Driver52. You've earned ₹1269 of your ₹1570 goal (2.3 of 6.2 hours elapsed). Your current pace is ₹341/hr — ₹138 above the required ₹203/hr. At this pace you're projected to finish at ₹2586 — ₹1016 above your goal. Note: 100% of your trips have been high-surge — this pace may be harder to sustain once surge drops.",ahead
GOAL052,DRV053,2024-02-06,1900-01-01 10:55:00,1900-01-01 16:05:00,1441,7.9,294,2.2,at_risk,133.64,ahead,5.166666666666667,0.42580645161290326,2.966666666666667,1147,Deepa Driver53,Bangalore,evening,8.2,182,28,4.7,318.99,175.0,1.8228,143.99,ahead,1713.0,5.37,7.0,318.99,0.0,0.0,1.0,2.0,751.0,375.5,290.08522727272725,32.0,8.649999999999999,711.7857142857142,43.479602791196996,0.2,1.0,1.0,0.0,0.5,0.5,0.0,375.5,290.08522727272725,711.7857142857142,0.2,1.0,1.0,1,0.47914958046810924,1.8228,0.8607473976405274,2.0,41.7,at_risk,1240.337,"🟠 You're at risk, Deepa Driver53. You've earned ₹294 of your ₹1441 goal (2.2 of 5.2 hours elapsed). Your current pace is ₹319/hr — ₹144 above the required ₹175/hr. At this pace you're projected to finish at ₹1240 — ₹201 short of your goal. To close the gap, you need ₹387/hr over your remaining 3.0 hours.",at_risk
GOAL053,DRV054,2024-02-06,1900-01-01 08:01:00,1900-01-01 18:11:00,1419,8.6,629,3.6,in_progress,174.72,at_risk,10.166666666666666,0.35409836065573774,6.566666666666666,790,Amit Driver54,Hyderabad,afternoon,8.0,193,28,5.0,268.32,188.0,1.4272340425531915,80.32,ahead,1626.0,6.06,12.0,194.17,56.92499999999996,0.2702567662722334,3.0,0.0,0.0,0.0,0.0,0.0,0.0,0.0,0.0,0.0,0.0,0.0,0.0,0.0,0.0,0.0,0.0,0.0,0.0,0.0,0.0,0.0,1,1.251827056090622,1.4272340425531915,1.684966878083157,0.6399179177016957,72.4,on_track,2390.968,"🟢 You're on track, Amit Driver54. You've earned ₹629 of your ₹1419 goal (3.6 of 10.2 hours elapsed). Your current pace is ₹268/hr — ₹80 above the required ₹188/hr. At this pace you're projected to finish at ₹2391 — ₹972 above your goal.",on_track
GOAL054,DRV055,2024-02-06,1900-01-01 08:34:00,1900-01-01 16:44:00,1551,8.7,758,2.5,achieved,303.2,on_track,8.166666666666666,0.30612244897959184,5.666666666666666,793,Lakshmi Driver55,Mumbai,evening,6.9,184,35,4.6,265.46,169.0,1.5707692307692307,96.45999999999998,ahead,1975.0,7.44,9.0,182.665,165.58999999999992,0.4532614348671064,2.0,0.0,0.0,0.0,0.0,0.0,0.0,0.0,0.0,0.0,0.0,0.0,0.0,0.0,0.0,0.0,0.0,0.0,0.0,0.0,0.0,0.0,1,1.596475392220073,1.5707692307692307,1.458590156888029,0.8280542986425341,73.2,on_track,2262.273333333333,"🟢 You're on track, Lakshmi Driver55. You've earned ₹758 of your ₹1551 goal (2.5 of 8.2 hours elapsed). Your current pace is ₹265/hr — ₹96 above the required ₹169/hr. At this pace you're projected to finish at ₹2262 — ₹711 above your goal.",on_track
GOAL055,DRV056,2024-02-06,1900-01-01 06:39:00,1900-01-01 16:49:00,1626,6.4,1311,3.8,achieved,345.0,at_risk,10.166666666666666,0.3737704918032787,6.366666666666666,315,Neha Driver56,Delhi,evening,9.1,199,36,4.6,48.4,183.0,0.2644808743169399,-134.6,at_risk,182.0,3.76,5.0,48.4,0.0,0.0,1.0,2.0,602.0,301.0,213.97727272727272,23.0,14.35,865.3801169590643,20.13789990973824,0.2,1.0,0.0,1.0,0.5,0.0,0.5,301.0,213.97727272727272,865.3801169590643,0.2,1.0,1.0,1,2.157134071340713,0.2644808743169399,0.9957851578515784,0.27036305896489576,60.5,slightly_behind,1619.1466666666665,"🟡 You're slightly behind pace, Neha Driver56. You've earned ₹1311 of your ₹1626 goal (3.8 of 10.2 hours elapsed). Your current pace is ₹48/hr — ₹135 below the required ₹183/hr. At this pace you're projected to finish at ₹1619 — ₹7 short of your goal.",at_risk
GOAL056,DRV057,2024-02-06,1900-01-01 07:45:00,1900-01-01 15:55:00,1687,7.0,345,3.5,achieved,98.57,ahead,8.166666666666666,0.4285714285714286,4.666666666666666,1342,Rekha Driver57,Ahmedabad,morning,6.6,175,25,4.9,709.41,183.0,3.8765573770491804,526.41,ahead,2036.0,2.87,14.0,343.9866666666667,294.5099999999999,0.7574153290751358,3.0,0.0,0.0,0.0,0.0,0.0,0.0,0.0,0.0,0.0,0.0,0.0,0.0,0.0,0.0,0.0,0.0,0.0,0.0,0.0,0.0,0.0,1,0.4771784232365145,3.8765573770491804,2.0,1.5714285714285716,65.3,on_track,3655.5799999999995,"🟢 You're on track, Rekha Driver57. You've earned ₹345 of your ₹1687 goal (3.5 of 8.2 hours elapsed). Your current pace is ₹709/hr — ₹526 above the required ₹183/hr. At this pace you're projected to finish at ₹3656 — ₹1969 above your goal.",on_track
GOAL057,DRV058,2024-02-06,1900-01-01 09:03:00,1900-01-01 16:13:00,1129,7.9,891,1.8,achieved,495.0,on_track,7.166666666666667,0.2511627906976744,5.366666666666667,238,Sanjay Driver58,Pune,evening,8.6,174,12,4.9,147.6,178.0,0.8292134831460674,-30.400000000000006,at_risk,1169.0,7.92,9.0,147.6,0.0,0.0,1.0,0.0,0.0,0.0,0.0,0.0,0.0,0.0,0.0,0.0,0.0,0.0,0.0,0.0,0.0,0.0,0.0,0.0,0.0,0.0,0.0,0.0,1,3.1421612046058462,0.8292134831460674,1.4908060230292293,0.2491450903761602,75.2,on_track,1683.12,"🟢 You're on track, Sanjay Driver58. You've earned ₹891 of your ₹1129 goal (1.8 of 7.2 hours elapsed). Your current pace is ₹148/hr — ₹30 below the required ₹178/hr. At this pace you're projected to finish at ₹1683 — ₹554 above your goal.",on_track
GOAL058,DRV059,2024-02-06,1900-01-01 06:27:00,1900-01-01 15:37:00,1283,8.8,1113,5.5,achieved,202.36,at_risk,9.166666666666666,0.6000000000000001,3.666666666666666,170,Sandeep Driver59,Mumbai,full_day,8.7,183,10,4.7,0.0,0.0,0.0,0.0,,0.0,0.0,0.0,0.0,0.0,0.0,0.0,1.0,450.0,450.0,281.25,33.0,18.9,818.1818181818182,23.80952380952381,0.4,1.0,1.0,0.0,1.0,1.0,0.0,450.0,281.25,818.1818181818182,0.4,1.0,1.0,0,1.4458300857365547,0.0,0.8674980514419329,0.3312548713951676,47.8,slightly_behind_estimated,1113.0,"🟡 You're slightly behind pace, Sandeep Driver59. You've earned ₹1113 of your ₹1283 goal (5.5 of 9.2 hours elapsed). Your current pace is ₹140/hr — ₹0 above the required ₹140/hr. At this pace you're projected to finish at ₹1113 — ₹170 short of your goal. Note: 100% of your trips have been high-surge — this pace may be harder to sustain once surge drops. (Velocity estimated from goal data — no live log entry found.)",at_risk
GOAL059,DRV060,2024-02-06,1900-01-01 07:45:00,1900-01-01 17:55:00,1180,9.9,973,6.5,at_risk,149.69,on_track,10.166666666666666,0.639344262295082,3.666666666666666,207,Priya Driver60,Ahmedabad,afternoon,7.3,184,45,4.8,366.06,198.0,1.8487878787878789,168.06,ahead,2427.0,6.63,8.0,366.06,0.0,0.0,1.0,4.0,1492.0,373.0,271.29761904761904,30.5,10.925,762.8702786377709,34.93401968401968,0.25,3.0,2.0,0.0,0.75,0.5,0.0,379.0,277.2063492063492,808.3368421052631,0.20000000000000004,1.0160857908847185,1.0595993378437554,1,1.289721860060843,1.8487878787878789,1.962050847457627,0.2851239669421488,85.8,ahead,2315.22,"✅ You're ahead of pace, Priya Driver60. You've earned ₹973 of your ₹1180 goal (6.5 of 10.2 hours elapsed). Your current pace is ₹366/hr — ₹168 above the required ₹198/hr. At this pace you're projected to finish at ₹2315 — ₹1135 above your goal. Note: 75% of your trips have been high-surge — this pace may be harder to sustain once surge drops.",ahead
GOAL060,DRV061,2024-02-06,1900-01-01 06:52:00,1900-01-01 15:02:00,1199,7.8,900,5.7,achieved,157.89,at_risk,8.166666666666666,0.6979591836734694,2.466666666666666,299,Rekha Driver61,Delhi,full_day,7.8,175,33,4.6,74.67,183.0,0.4080327868852459,-108.33,at_risk,336.0,4.5,1.0,74.67,0.0,0.0,1.0,0.0,0.0,0.0,0.0,0.0,0.0,0.0,0.0,0.0,0.0,0.0,0.0,0.0,0.0,0.0,0.0,0.0,0.0,0.0,0.0,0.0,1,1.0754576181905973,0.4080327868852459,0.9042418682235195,0.6623836951705806,45.5,slightly_behind,1084.186,"🟡 You're slightly behind pace, Rekha Driver61. You've earned ₹900 of your ₹1199 goal (5.7 of 8.2 hours elapsed). Your current pace is ₹75/hr — ₹108 below the required ₹183/hr. At this pace you're projected to finish at ₹1084 — ₹115 short of your goal.",at_risk
GOAL061,DRV062,2024-02-06,1900-01-01 07:14:00,1900-01-01 14:24:00,1731,7.0,944,4.0,at_risk,236.0,ahead,7.166666666666667,0.5581395348837209,3.166666666666667,787,Rahul Driver62,Pune,afternoon,8.7,178,36,4.5,326.24,203.0,1.6070935960591133,123.24000000000001,ahead,1318.0,4.04,2.0,198.42333333333332,112.38999999999996,0.47536628292371885,3.0,0.0,0.0,0.0,0.0,0.0,0.0,0.0,0.0,0.0,0.0,0.0,0.0,0.0,0.0,0.0,0.0,0.0,0.0,0.0,0.0,0.0,1,0.9770845368765646,1.6070935960591133,1.1421683034854613,1.2242675654653876,57.2,slightly_behind,1977.0933333333335,"🟡 You're slightly behind pace, Rahul Driver62. You've earned ₹944 of your ₹1731 goal (4.0 of 7.2 hours elapsed). Your current pace is ₹326/hr — ₹123 above the required ₹203/hr. At this pace you're projected to finish at ₹1977 — ₹246 above your goal.",at_risk
GOAL062,DRV063,2024-02-06,1900-01-01 08:50:00,1900-01-01 16:00:00,1564,8.0,333,4.6,achieved,72.39,at_risk,7.166666666666667,0.641860465116279,2.5666666666666673,1231,Naveen Driver63,Delhi,full_day,9.3,172,22,4.9,0.0,0.0,0.0,0.0,,0.0,0.0,0.0,0.0,0.0,0.0,0.0,1.0,224.0,224.0,172.3076923076923,28.0,12.8,480.0,17.5,0.0,0.0,0.0,0.0,0.0,0.0,0.0,224.0,172.3076923076923,480.0,0.0,1.0,1.0,0,0.33171633492716557,0.0,0.2129156010230179,2.0,7.3,off_track_estimated,333.0,"🔴 You're off track, Naveen Driver63. You've earned ₹333 of your ₹1564 goal (4.6 of 7.2 hours elapsed). Your current pace is ₹218/hr — ₹0 above the required ₹218/hr. At this pace you're projected to finish at ₹333 — ₹1231 short of your goal. To close the gap, you need ₹480/hr over your remaining 2.6 hours. (Velocity estimated from goal data — no live log entry found.)",at_risk
GOAL063,DRV064,2024-02-06,1900-01-01 09:54:00,1900-01-01 16:04:00,1389,9.1,1376,2.3,in_progress,598.26,at_risk,6.166666666666667,0.37297297297297294,3.866666666666667,13,Deepa Driver64,Bangalore,evening,7.3,172,21,4.7,1173.66,193.0,6.081139896373058,980.6600000000001,ahead,2406.0,2.05,4.0,1173.66,0.0,0.0,1.0,1.0,203.0,203.0,156.15384615384616,19.0,17.1,641.0526315789474,11.871345029239766,0.4,0.0,0.0,1.0,0.0,0.0,1.0,203.0,156.15384615384616,641.0526315789474,0.4,1.0,1.0,1,2.6560657756075168,6.081139896373058,2.0,0.017420046453457207,99.8,ahead,5914.152000000001,"✅ You're ahead of pace, Deepa Driver64. You've earned ₹1376 of your ₹1389 goal (2.3 of 6.2 hours elapsed). Your current pace is ₹1174/hr — ₹981 above the required ₹193/hr. At this pace you're projected to finish at ₹5914 — ₹4525 above your goal.",ahead
GOAL064,DRV065,2024-02-06,1900-01-01 06:20:00,1900-01-01 16:30:00,1765,6.3,818,5.0,achieved,163.6,ahead,10.166666666666666,0.49180327868852464,5.166666666666666,947,Neha Driver65,Kolkata,full_day,9.2,172,10,5.0,0.0,0.0,0.0,0.0,,0.0,0.0,0.0,0.0,0.0,0.0,0.0,0.0,0.0,0.0,0.0,0.0,0.0,0.0,0.0,0.0,0.0,0.0,0.0,0.0,0.0,0.0,0.0,0.0,0.0,0.0,0.0,0.0,0,0.942360717658168,0.0,0.4634560906515581,1.0557799506533856,28.2,off_track_estimated,818.0,"🔴 You're off track, Neha Driver65. You've earned ₹818 of your ₹1765 goal (5.0 of 10.2 hours elapsed). Your current pace is ₹174/hr — ₹0 above the required ₹174/hr. At this pace you're projected to finish at ₹818 — ₹947 short of your goal. To close the gap, you need ₹183/hr over your remaining 5.2 hours. (Velocity estimated from goal data — no live log entry found.)",at_risk
GOAL065,DRV066,2024-02-06,1900-01-01 09:15:00,1900-01-01 19:25:00,1349,8.2,1187,4.0,achieved,296.75,on_track,10.166666666666666,0.3934426229508197,6.166666666666666,162,Amit Driver66,Bangalore,evening,8.9,186,45,4.7,0.0,0.0,0.0,0.0,,0.0,0.0,0.0,0.0,0.0,0.0,0.0,1.0,185.0,185.0,115.625,37.0,11.1,300.0,16.666666666666668,0.8,1.0,1.0,1.0,1.0,1.0,1.0,185.0,115.625,300.0,0.8,1.0,1.0,0,2.236440573264146,0.0,0.8799110452186805,0.19798449301785104,56.2,slightly_behind_estimated,1187.0,"🟡 You're slightly behind pace, Amit Driver66. You've earned ₹1187 of your ₹1349 goal (4.0 of 10.2 hours elapsed). Your current pace is ₹133/hr — ₹0 above the required ₹133/hr. At this pace you're projected to finish at ₹1187 — ₹162 short of your goal. Note: your shift has had a high proportion of tiring trips — take a break if you can. Note: 100% of your trips have been high-surge — this pace may be harder to sustain once surge drops. (Velocity estimated from goal data — no live log entry found.)",at_risk
GOAL066,DRV067,2024-02-06,1900-01-01 10:27:00,1900-01-01 19:37:00,1680,9.1,1315,6.0,in_progress,219.17,ahead,9.166666666666666,0.6545454545454545,3.166666666666666,365,Lakshmi Driver67,Kolkata,full_day,7.3,174,41,4.6,1801.79,181.0,9.9546408839779,1620.79,ahead,2018.0,1.12,11.0,1801.79,0.0,0.0,1.0,2.0,576.0,288.0,238.28571428571428,24.0,11.350000000000001,766.2857142857142,26.482007575757574,0.0,1.0,0.0,0.0,0.5,0.0,0.0,288.0,238.28571428571428,766.2857142857142,0.0,1.0,1.0,1,1.1958498677248677,9.9546408839779,2.0,0.6368130270427451,83.6,ahead,7020.668333333332,"✅ You're ahead of pace, Lakshmi Driver67. You've earned ₹1315 of your ₹1680 goal (6.0 of 9.2 hours elapsed). Your current pace is ₹1802/hr — ₹1621 above the required ₹181/hr. At this pace you're projected to finish at ₹7021 — ₹5341 above your goal.",ahead
GOAL067,DRV068,2024-02-06,1900-01-01 06:47:00,1900-01-01 16:57:00,1598,6.5,1420,4.5,at_risk,315.56,on_track,10.166666666666666,0.4426229508196722,5.666666666666666,178,Deepa Driver68,Kolkata,evening,8.9,192,39,4.9,295.58,179.0,1.6512849162011172,116.57999999999998,ahead,1939.0,6.56,5.0,210.98000000000002,80.12499999999999,0.3115327330229088,3.0,1.0,192.0,192.0,128.0,21.0,19.7,548.5714285714286,9.746192893401016,0.4,1.0,0.0,1.0,1.0,0.0,1.0,192.0,128.0,548.5714285714286,0.4,1.0,1.0,1,2.007602095211607,1.6512849162011172,1.936766791823112,0.17548471902727572,92.9,ahead,3094.953333333333,"✅ You're ahead of pace, Deepa Driver68. You've earned ₹1420 of your ₹1598 goal (4.5 of 10.2 hours elapsed). Your current pace is ₹296/hr — ₹117 above the required ₹179/hr. At this pace you're projected to finish at ₹3095 — ₹1497 above your goal. Note: 100% of your trips have been high-surge — this pace may be harder to sustain once surge drops.",ahead
GOAL068,DRV069,2024-02-06,1900-01-01 09:11:00,1900-01-01 17:21:00,1515,6.3,422,6.0,at_risk,70.33,at_risk,8.166666666666666,0.7346938775510204,2.166666666666666,1093,Kavitha Driver69,Mumbai,afternoon,7.5,184,12,4.7,0.0,0.0,0.0,0.0,,0.0,0.0,0.0,0.0,0.0,0.0,0.0,0.0,0.0,0.0,0.0,0.0,0.0,0.0,0.0,0.0,0.0,0.0,0.0,0.0,0.0,0.0,0.0,0.0,0.0,0.0,0.0,0.0,0,0.3791345801246791,0.0,0.27854785478547855,2.0,8.9,off_track_estimated,422.0,"🔴 You're off track, Kavitha Driver69. You've earned ₹422 of your ₹1515 goal (6.0 of 8.2 hours elapsed). Your current pace is ₹186/hr — ₹0 above the required ₹186/hr. At this pace you're projected to finish at ₹422 — ₹1093 short of your goal. To close the gap, you need ₹504/hr over your remaining 2.2 hours. (Velocity estimated from goal data — no live log entry found.)",at_risk
GOAL069,DRV070,2024-02-06,1900-01-01 08:31:00,1900-01-01 14:41:00,1192,6.9,342,7.3,at_risk,46.85,on_track,6.166666666666667,1.0,0.0,850,Vijay Driver70,Pune,afternoon,6.7,193,46,4.8,169.77,193.0,0.879637305699482,-23.22999999999999,at_risk,820.0,4.83,12.0,169.77,0.0,0.0,1.0,1.0,268.0,268.0,191.42857142857144,27.0,12.8,595.5555555555555,20.9375,0.0,1.0,0.0,0.0,1.0,0.0,0.0,268.0,191.42857142857144,595.5555555555555,0.0,1.0,1.0,1,0.24236921945389356,0.879637305699482,0.28691275167785235,2.0,18.3,off_track,342.0,"🔴 You're off track, Vijay Driver70. You've earned ₹342 of your ₹1192 goal (7.3 of 6.2 hours elapsed). Your current pace is ₹170/hr — ₹23 below the required ₹193/hr. At this pace you're projected to finish at ₹342 — ₹850 short of your goal. Note: 100% of your trips have been high-surge — this pace may be harder to sustain once surge drops.",at_risk
GOAL070,DRV071,2024-02-06,1900-01-01 07:42:00,1900-01-01 14:52:00,1563,8.1,998,5.5,achieved,181.45,on_track,7.166666666666667,0.7674418604651162,1.666666666666667,565,Pooja Driver71,Pune,full_day,8.8,177,38,4.8,373.79,175.0,2.135942857142857,198.79000000000002,ahead,385.0,1.03,1.0,373.79,0.0,0.0,1.0,0.0,0.0,0.0,0.0,0.0,0.0,0.0,0.0,0.0,0.0,0.0,0.0,0.0,0.0,0.0,0.0,0.0,0.0,0.0,0.0,0.0,1,0.8320052734640067,2.135942857142857,1.037097462145447,1.9371428571428566,51.6,slightly_behind,1620.9833333333336,"🟡 You're slightly behind pace, Pooja Driver71. You've earned ₹998 of your ₹1563 goal (5.5 of 7.2 hours elapsed). Your current pace is ₹374/hr — ₹199 above the required ₹175/hr. At this pace you're projected to finish at ₹1621 — ₹58 above your goal.",at_risk
GOAL071,DRV072,2024-02-06,1900-01-01 07:43:00,1900-01-01 15:53:00,1406,8.3,823,7.5,achieved,109.73,ahead,8.166666666666666,0.9183673469387755,0.6666666666666661,583,Anita Driver72,Pune,afternoon,8.3,196,9,4.5,274.31,168.0,1.632797619047619,106.31,ahead,694.0,2.53,11.0,274.31,0.0,0.0,1.0,0.0,0.0,0.0,0.0,0.0,0.0,0.0,0.0,0.0,0.0,0.0,0.0,0.0,0.0,0.0,0.0,0.0,0.0,0.0,0.0,0.0,1,0.6373794847479058,1.632797619047619,0.7154148885727832,2.0,39.1,at_risk,1005.8733333333332,"🟠 You're at risk, Anita Driver72. You've earned ₹823 of your ₹1406 goal (7.5 of 8.2 hours elapsed). Your current pace is ₹274/hr — ₹106 above the required ₹168/hr. At this pace you're projected to finish at ₹1006 — ₹400 short of your goal. To close the gap, you need ₹875/hr over your remaining 0.7 hours.",at_risk
GOAL072,DRV073,2024-02-06,1900-01-01 08:05:00,1900-01-01 18:15:00,1108,8.4,722,4.1,in_progress,176.1,at_risk,10.166666666666666,0.40327868852459015,6.066666666666666,386,Sanjay Driver73,Delhi,afternoon,8.2,172,44,4.5,33.12,180.0,0.184,-146.88,at_risk,256.0,7.73,2.0,33.12,0.0,0.0,1.0,0.0,0.0,0.0,0.0,0.0,0.0,0.0,0.0,0.0,0.0,0.0,0.0,0.0,0.0,0.0,0.0,0.0,0.0,0.0,0.0,0.0,1,1.6158169704440728,0.184,0.8329675090252707,0.3534798534798535,51.5,slightly_behind,922.928,"🟡 You're slightly behind pace, Sanjay Driver73. You've earned ₹722 of your ₹1108 goal (4.1 of 10.2 hours elapsed). Your current pace is ₹33/hr — ₹147 below the required ₹180/hr. At this pace you're projected to finish at ₹923 — ₹185 short of your goal.",at_risk
GOAL073,DRV074,2024-02-06,1900-01-01 06:23:00,1900-01-01 16:33:00,1154,6.0,773,6.8,achieved,113.68,on_track,10.166666666666666,0.6688524590163935,3.3666666666666663,381,Lakshmi Driver74,Hyderabad,afternoon,7.8,195,46,5.0,0.0,0.0,0.0,0.0,,0.0,0.0,0.0,0.0,0.0,0.0,0.0,2.0,357.0,178.5,143.26923076923077,32.0,14.8,335.45454545454544,12.863475177304963,0.6000000000000001,0.0,1.0,2.0,0.0,0.5,1.0,178.5,143.26923076923077,335.45454545454544,0.6000000000000001,1.0,1.0,0,1.0014824820742856,0.0,0.669844020797227,0.99700567977075,32.6,at_risk_estimated,773.0,"🟠 You're at risk, Lakshmi Driver74. You've earned ₹773 of your ₹1154 goal (6.8 of 10.2 hours elapsed). Your current pace is ₹114/hr — ₹0 above the required ₹114/hr. At this pace you're projected to finish at ₹773 — ₹381 short of your goal. To close the gap, you need ₹113/hr over your remaining 3.4 hours. Note: your shift has had a high proportion of tiring trips — take a break if you can. (Velocity estimated from goal data — no live log entry found.)",at_risk
GOAL074,DRV075,2024-02-06,1900-01-01 08:55:00,1900-01-01 14:05:00,1340,7.7,1007,5.6,at_risk,179.82,at_risk,5.166666666666667,1.0,0.0,333,Rahul Driver75,Hyderabad,morning,6.8,200,38,4.5,0.0,0.0,0.0,0.0,,0.0,0.0,0.0,0.0,0.0,0.0,0.0,1.0,432.0,432.0,308.5714285714286,23.0,16.5,1126.9565217391305,26.181818181818183,0.0,1.0,0.0,0.0,1.0,0.0,0.0,432.0,308.5714285714286,1126.9565217391305,0.0,1.0,1.0,0,0.6933413290689411,0.0,0.7514925373134328,2.0,19.9,off_track_estimated,1007.0,"🔴 You're off track, Rahul Driver75. You've earned ₹1007 of your ₹1340 goal (5.6 of 5.2 hours elapsed). Your current pace is ₹259/hr — ₹0 above the required ₹259/hr. At this pace you're projected to finish at ₹1007 — ₹333 short of your goal. Note: 100% of your trips have been high-surge — this pace may be harder to sustain once surge drops. (Velocity estimated from goal data — no live log entry found.)",at_risk
GOAL075,DRV076,2024-02-06,1900-01-01 09:24:00,1900-01-01 18:34:00,1658,6.8,555,4.6,in_progress,120.65,ahead,9.166666666666666,0.5018181818181818,4.566666666666666,1103,Shweta Driver76,Delhi,afternoon,8.2,202,24,4.5,0.0,0.0,0.0,0.0,,0.0,0.0,0.0,0.0,0.0,0.0,0.0,0.0,0.0,0.0,0.0,0.0,0.0,0.0,0.0,0.0,0.0,0.0,0.0,0.0,0.0,0.0,0.0,0.0,0.0,0.0,0.0,0.0,0,0.6670556458803167,0.0,0.3347406513872135,1.3353746048796808,20.0,off_track_estimated,555.0,"🔴 You're off track, Shweta Driver76. You've earned ₹555 of your ₹1658 goal (4.6 of 9.2 hours elapsed). Your current pace is ₹181/hr — ₹0 above the required ₹181/hr. At this pace you're projected to finish at ₹555 — ₹1103 short of your goal. To close the gap, you need ₹242/hr over your remaining 4.6 hours. (Velocity estimated from goal data — no live log entry found.)",at_risk
GOAL076,DRV077,2024-02-06,1900-01-01 09:53:00,1900-01-01 17:03:00,1527,6.6,457,2.4,in_progress,190.42,ahead,7.166666666666667,0.33488372093023255,4.7666666666666675,1070,Amit Driver77,Ahmedabad,morning,6.8,194,16,4.5,217.6,196.0,1.110204081632653,21.599999999999994,ahead,779.0,3.58,1.0,137.835,159.52999999999994,0.5786991692966228,2.0,1.0,182.0,182.0,182.0,23.0,10.1,474.78260869565213,18.01980198019802,0.4,0.0,0.0,1.0,0.0,0.0,1.0,182.0,182.0,474.78260869565213,0.4,1.0,1.0,1,0.8936822382303719,1.110204081632653,0.9785374372407772,1.1452832881404307,48.3,slightly_behind,1494.226666666667,"🟡 You're slightly behind pace, Amit Driver77. You've earned ₹457 of your ₹1527 goal (2.4 of 7.2 hours elapsed). Your current pace is ₹218/hr — ₹22 above the required ₹196/hr. At this pace you're projected to finish at ₹1494 — ₹33 short of your goal.",at_risk
GOAL077,DRV078,2024-02-06,1900-01-01 06:09:00,1900-01-01 15:19:00,1773,7.7,478,2.1,at_risk,227.62,at_risk,9.166666666666666,0.22909090909090912,7.066666666666666,1295,Manoj Driver78,Kolkata,afternoon,8.1,181,38,4.9,207.91,190.0,1.0942631578947368,17.909999999999997,ahead,289.0,1.39,8.0,207.91,0.0,0.0,1.0,1.0,380.0,380.0,345.45454545454544,32.0,9.0,712.5,42.22222222222222,0.0,0.0,0.0,0.0,0.0,0.0,0.0,380.0,345.45454545454544,712.5,0.0,1.0,1.0,1,1.1768234272464388,1.0942631578947368,1.0982688475277307,0.9644985104270111,55.2,slightly_behind,1947.2306666666666,"🟡 You're slightly behind pace, Manoj Driver78. You've earned ₹478 of your ₹1773 goal (2.1 of 9.2 hours elapsed). Your current pace is ₹208/hr — ₹18 above the required ₹190/hr. At this pace you're projected to finish at ₹1947 — ₹174 above your goal.",at_risk
GOAL078,DRV079,2024-02-06,1900-01-01 09:57:00,1900-01-01 19:07:00,1535,8.5,1130,4.8,at_risk,235.42,at_risk,9.166666666666666,0.5236363636363637,4.366666666666666,405,Kavitha Driver79,Mumbai,morning,6.3,178,46,4.7,1243.92,166.0,7.493493975903615,1077.92,ahead,2351.0,1.89,7.0,729.4150000000001,1029.0099999999998,0.7053666294222082,2.0,0.0,0.0,0.0,0.0,0.0,0.0,0.0,0.0,0.0,0.0,0.0,0.0,0.0,0.0,0.0,0.0,0.0,0.0,0.0,0.0,0.0,1,1.4058541440463264,7.493493975903615,2.0,0.5587234433918883,87.0,ahead,6561.784,"✅ You're ahead of pace, Kavitha Driver79. You've earned ₹1130 of your ₹1535 goal (4.8 of 9.2 hours elapsed). Your current pace is ₹1244/hr — ₹1078 above the required ₹166/hr. At this pace you're projected to finish at ₹6562 — ₹5027 above your goal.",ahead
GOAL079,DRV080,2024-02-06,1900-01-01 09:22:00,1900-01-01 16:32:00,1290,7.7,215,5.3,at_risk,40.57,on_track,7.166666666666667,0.7395348837209301,1.8666666666666671,1075,Rahul Driver80,Kolkata,full_day,7.3,172,41,4.7,416.94,203.0,2.0538916256157633,213.94,ahead,1551.0,3.72,12.0,324.7,184.47999999999988,0.2840776101016323,2.0,0.0,0.0,0.0,0.0,0.0,0.0,0.0,0.0,0.0,0.0,0.0,0.0,0.0,0.0,0.0,0.0,0.0,0.0,0.0,0.0,0.0,1,0.22536687631027255,2.0538916256157633,0.7699906976744187,2.0,39.4,at_risk,993.2880000000002,"🟠 You're at risk, Rahul Driver80. You've earned ₹215 of your ₹1290 goal (5.3 of 7.2 hours elapsed). Your current pace is ₹417/hr — ₹214 above the required ₹203/hr. At this pace you're projected to finish at ₹993 — ₹297 short of your goal. To close the gap, you need ₹576/hr over your remaining 1.9 hours.",at_risk
GOAL080,DRV081,2024-02-06,1900-01-01 10:17:00,1900-01-01 19:27:00,1659,8.3,268,7.9,at_risk,33.92,at_risk,9.166666666666666,0.8618181818181819,1.2666666666666657,1391,Anita Driver81,Kolkata,evening,8.1,176,35,4.5,112.77,171.0,0.6594736842105263,-58.230000000000004,at_risk,839.0,7.44,6.0,83.78999999999999,57.95999999999997,0.3458646616541353,2.0,0.0,0.0,0.0,0.0,0.0,0.0,0.0,0.0,0.0,0.0,0.0,0.0,0.0,0.0,0.0,0.0,0.0,0.0,0.0,0.0,0.0,1,0.18744452328813807,0.6594736842105263,0.24764436407474374,2.0,14.3,off_track,410.84199999999987,"🔴 You're off track, Anita Driver81. You've earned ₹268 of your ₹1659 goal (7.9 of 9.2 hours elapsed). Your current pace is ₹113/hr — ₹58 below the required ₹171/hr. At this pace you're projected to finish at ₹411 — ₹1248 short of your goal. To close the gap, you need ₹1098/hr over your remaining 1.3 hours.",at_risk
GOAL081,DRV082,2024-02-06,1900-01-01 08:07:00,1900-01-01 18:17:00,1593,9.8,363,2.4,at_risk,151.25,ahead,10.166666666666666,0.2360655737704918,7.766666666666666,1230,Anita Driver82,Pune,morning,7.0,204,34,4.6,377.93,198.0,1.9087373737373738,179.93,ahead,2158.0,5.71,15.0,363.9166666666667,175.8050000000001,0.7422232770168875,3.0,0.0,0.0,0.0,0.0,0.0,0.0,0.0,0.0,0.0,0.0,0.0,0.0,0.0,0.0,0.0,0.0,0.0,0.0,0.0,0.0,0.0,1,0.9652908558275789,1.9087373737373738,2.0,0.7998439328911433,77.9,on_track,3298.256333333333,"🟢 You're on track, Anita Driver82. You've earned ₹363 of your ₹1593 goal (2.4 of 10.2 hours elapsed). Your current pace is ₹378/hr — ₹180 above the required ₹198/hr. At this pace you're projected to finish at ₹3298 — ₹1705 above your goal.",on_track
GOAL082,DRV083,2024-02-06,1900-01-01 08:29:00,1900-01-01 18:39:00,1180,8.1,824,2.1,achieved,392.38,ahead,10.166666666666666,0.20655737704918034,8.066666666666666,356,Rahul Driver83,Mumbai,morning,7.8,194,21,4.8,0.0,0.0,0.0,0.0,,0.0,0.0,0.0,0.0,0.0,0.0,0.0,2.0,458.0,229.0,161.5897435897436,32.5,15.55,438.7931034482758,14.684554973821989,0.4,1.0,1.0,1.0,0.5,0.5,0.5,229.0,161.5897435897436,438.7931034482758,0.4,1.0,1.0,0,3.3806833467850415,0.0,0.6983050847457627,0.3802353270766214,51.7,slightly_behind_estimated,824.0,"🟡 You're slightly behind pace, Rahul Driver83. You've earned ₹824 of your ₹1180 goal (2.1 of 10.2 hours elapsed). Your current pace is ₹116/hr — ₹0 above the required ₹116/hr. At this pace you're projected to finish at ₹824 — ₹356 short of your goal. (Velocity estimated from goal data — no live log entry found.)",at_risk
GOAL083,DRV084,2024-02-06,1900-01-01 06:43:00,1900-01-01 16:53:00,1693,7.2,308,7.4,at_risk,41.62,on_track,10.166666666666666,0.7278688524590164,2.7666666666666657,1385,Amit Driver84,Kolkata,evening,6.4,197,45,4.6,1082.89,187.0,5.790855614973262,895.8900000000001,ahead,2025.0,1.87,13.0,1082.89,0.0,0.0,1.0,2.0,650.0,325.0,216.66666666666669,21.5,14.8,909.5454545454545,25.61327561327561,0.0,2.0,0.0,0.0,1.0,0.0,0.0,325.0,216.66666666666669,909.5454545454545,0.0,1.0,1.0,1,0.24994279571952338,5.790855614973262,1.9515627091947227,2.0,57.4,slightly_behind,3303.995666666666,"🟡 You're slightly behind pace, Amit Driver84. You've earned ₹308 of your ₹1693 goal (7.4 of 10.2 hours elapsed). Your current pace is ₹1083/hr — ₹896 above the required ₹187/hr. At this pace you're projected to finish at ₹3304 — ₹1611 above your goal. Note: 100% of your trips have been high-surge — this pace may be harder to sustain once surge drops.",at_risk
GOAL084,DRV085,2024-02-06,1900-01-01 09:29:00,1900-01-01 19:39:00,1580,8.3,878,4.2,achieved,209.05,at_risk,10.166666666666666,0.4131147540983607,5.966666666666666,702,Priya Driver85,Kolkata,evening,8.1,195,21,4.6,74.79,189.0,0.39571428571428574,-114.21,at_risk,522.0,6.98,7.0,74.79,0.0,0.0,1.0,3.0,721.0,240.33333333333334,191.74603174603178,30.666666666666668,13.6,497.3019086176981,20.652787066691072,0.26666666666666666,1.0,1.0,1.0,0.3333333333333333,0.3333333333333333,0.3333333333333333,240.33333333333334,191.74603174603178,497.3019086176981,0.26666666666666666,1.0,1.0,1,1.3451376331123164,0.39571428571428574,0.8381310126582278,0.6225059856344773,48.1,slightly_behind,1324.2469999999998,"🟡 You're slightly behind pace, Priya Driver85. You've earned ₹878 of your ₹1580 goal (4.2 of 10.2 hours elapsed). Your current pace is ₹75/hr — ₹114 below the required ₹189/hr. At this pace you're projected to finish at ₹1324 — ₹256 short of your goal.",at_risk
GOAL085,DRV086,2024-02-06,1900-01-01 07:02:00,1900-01-01 17:12:00,1411,8.9,1354,3.2,at_risk,423.12,at_risk,10.166666666666666,0.31475409836065577,6.966666666666666,57,Priya Driver86,Ahmedabad,afternoon,7.3,205,38,4.6,93.62,202.0,0.4634653465346535,-108.38,at_risk,411.0,4.39,9.0,93.62,0.0,0.0,1.0,1.0,381.0,381.0,381.0,32.0,19.6,714.375,19.43877551020408,0.0,0.0,0.0,0.0,0.0,0.0,0.0,381.0,381.0,714.375,0.0,1.0,1.0,1,3.04873907394283,0.4634653465346535,1.4218421922986062,0.04050405040504051,71.7,on_track,2006.2193333333335,"🟢 You're on track, Priya Driver86. You've earned ₹1354 of your ₹1411 goal (3.2 of 10.2 hours elapsed). Your current pace is ₹94/hr — ₹108 below the required ₹202/hr. At this pace you're projected to finish at ₹2006 — ₹595 above your goal.",on_track
GOAL086,DRV087,2024-02-06,1900-01-01 10:10:00,1900-01-01 20:20:00,1152,8.6,498,6.8,at_risk,73.24,on_track,10.166666666666666,0.6688524590163935,3.3666666666666663,654,Rekha Driver87,Chennai,full_day,8.6,177,22,4.7,0.0,0.0,0.0,0.0,,0.0,0.0,0.0,0.0,0.0,0.0,0.0,1.0,372.0,372.0,265.7142857142857,26.0,15.5,858.4615384615385,24.0,0.0,1.0,0.0,0.0,1.0,0.0,0.0,372.0,265.7142857142857,858.4615384615385,0.0,1.0,1.0,0,0.6463184232026143,0.0,0.4322916666666667,1.7143667491749177,17.4,off_track_estimated,498.0,"🔴 You're off track, Rekha Driver87. You've earned ₹498 of your ₹1152 goal (6.8 of 10.2 hours elapsed). Your current pace is ₹113/hr — ₹0 above the required ₹113/hr. At this pace you're projected to finish at ₹498 — ₹654 short of your goal. To close the gap, you need ₹194/hr over your remaining 3.4 hours. Note: 100% of your trips have been high-surge — this pace may be harder to sustain once surge drops. (Velocity estimated from goal data — no live log entry found.)",at_risk
GOAL087,DRV088,2024-02-06,1900-01-01 08:31:00,1900-01-01 14:41:00,1229,8.0,769,3.1,at_risk,248.06,at_risk,6.166666666666667,0.5027027027027027,3.066666666666667,460,Lakshmi Driver88,Bangalore,afternoon,7.8,191,43,4.8,1624.71,198.0,8.20560606060606,1426.71,ahead,1381.0,0.85,15.0,1624.71,0.0,0.0,1.0,2.0,500.0,250.0,171.11904761904762,24.0,14.75,632.6608695652174,17.21082949308756,0.2,2.0,0.0,1.0,1.0,0.0,0.5,250.0,171.11904761904762,632.6608695652174,0.2,1.0,1.0,1,1.2446958362861669,8.20560606060606,2.0,0.7575757575757576,83.0,ahead,5751.444,"✅ You're ahead of pace, Lakshmi Driver88. You've earned ₹769 of your ₹1229 goal (3.1 of 6.2 hours elapsed). Your current pace is ₹1625/hr — ₹1427 above the required ₹198/hr. At this pace you're projected to finish at ₹5751 — ₹4522 above your goal. Note: 100% of your trips have been high-surge — this pace may be harder to sustain once surge drops.",ahead
GOAL088,DRV089,2024-02-06,1900-01-01 08:54:00,1900-01-01 16:04:00,1114,9.0,818,2.6,at_risk,314.62,ahead,7.166666666666667,0.3627906976744186,4.566666666666666,296,Kavita Driver89,Delhi,full_day,9.4,170,13,4.9,246.12,194.0,1.268659793814433,52.120000000000005,ahead,1046.0,4.25,3.0,246.12,0.0,0.0,1.0,0.0,0.0,0.0,0.0,0.0,0.0,0.0,0.0,0.0,0.0,0.0,0.0,0.0,0.0,0.0,0.0,0.0,0.0,0.0,0.0,0.0,1,2.0240068130552866,1.268659793814433,1.7432208258527826,0.33411091880502675,83.7,ahead,1941.9479999999999,"✅ You're ahead of pace, Kavita Driver89. You've earned ₹818 of your ₹1114 goal (2.6 of 7.2 hours elapsed). Your current pace is ₹246/hr — ₹52 above the required ₹194/hr. At this pace you're projected to finish at ₹1942 — ₹828 above your goal.",ahead
GOAL089,DRV090,2024-02-06,1900-01-01 07:42:00,1900-01-01 16:52:00,1478,9.2,735,6.6,in_progress,111.36,at_risk,9.166666666666666,0.72,2.5666666666666664,743,Anita Driver90,Kolkata,morning,6.2,184,31,4.4,793.28,174.0,4.559080459770115,619.28,ahead,2126.0,2.68,4.0,793.28,0.0,0.0,1.0,1.0,398.0,398.0,284.2857142857143,19.0,8.1,1256.842105263158,49.135802469135804,0.0,1.0,0.0,0.0,1.0,0.0,0.0,398.0,284.2857142857143,1256.842105263158,0.0,1.0,1.0,1,0.6906856111862878,4.559080459770115,1.874888588182228,1.6636811464397672,65.1,on_track,2771.085333333333,"🟢 You're on track, Anita Driver90. You've earned ₹735 of your ₹1478 goal (6.6 of 9.2 hours elapsed). Your current pace is ₹793/hr — ₹619 above the required ₹174/hr. At this pace you're projected to finish at ₹2771 — ₹1293 above your goal. Note: 100% of your trips have been high-surge — this pace may be harder to sustain once surge drops.",on_track
GOAL090,DRV091,2024-02-06,1900-01-01 07:51:00,1900-01-01 17:01:00,1133,7.4,286,7.8,at_risk,36.67,on_track,9.166666666666666,0.850909090909091,1.3666666666666663,847,Kavita Driver91,Kolkata,full_day,8.1,203,26,4.8,63.83,175.0,0.36474285714285715,-111.17,at_risk,323.0,5.06,11.0,63.83,0.0,0.0,1.0,1.0,196.0,196.0,150.76923076923077,30.0,13.8,392.0,14.202898550724637,0.4,0.0,0.0,1.0,0.0,0.0,1.0,196.0,150.76923076923077,392.0,0.4,1.0,1.0,1,0.296655879180151,0.36474285714285715,0.3294213003824654,2.0,13.2,off_track,373.2343333333333,"🔴 You're off track, Kavita Driver91. You've earned ₹286 of your ₹1133 goal (7.8 of 9.2 hours elapsed). Your current pace is ₹64/hr — ₹111 below the required ₹175/hr. At this pace you're projected to finish at ₹373 — ₹760 short of your goal. To close the gap, you need ₹620/hr over your remaining 1.4 hours.",at_risk
GOAL091,DRV092,2024-02-06,1900-01-01 09:48:00,1900-01-01 18:58:00,1492,7.0,1101,6.2,in_progress,177.58,on_track,9.166666666666666,0.6763636363636364,2.966666666666666,391,Kavitha Driver92,Mumbai,afternoon,8.2,198,8,4.5,160.24,201.0,0.7972139303482587,-40.75999999999999,at_risk,939.0,5.86,11.0,160.24,0.0,0.0,1.0,0.0,0.0,0.0,0.0,0.0,0.0,0.0,0.0,0.0,0.0,0.0,0.0,0.0,0.0,0.0,0.0,0.0,0.0,0.0,0.0,0.0,1,1.0910339012367032,0.7972139303482587,1.0565540661304735,0.6557102129800437,52.9,slightly_behind,1576.3786666666665,"🟡 You're slightly behind pace, Kavitha Driver92. You've earned ₹1101 of your ₹1492 goal (6.2 of 9.2 hours elapsed). Your current pace is ₹160/hr — ₹41 below the required ₹201/hr. At this pace you're projected to finish at ₹1576 — ₹84 above your goal.",at_risk
GOAL092,DRV093,2024-02-06,1900-01-01 10:46:00,1900-01-01 18:56:00,1155,8.6,973,6.8,in_progress,143.09,on_track,8.166666666666666,0.8326530612244898,1.3666666666666663,182,Sandeep Driver93,Hyderabad,afternoon,6.1,202,41,4.8,0.0,0.0,0.0,0.0,,0.0,0.0,0.0,0.0,0.0,0.0,0.0,0.0,0.0,0.0,0.0,0.0,0.0,0.0,0.0,0.0,0.0,0.0,0.0,0.0,0.0,0.0,0.0,0.0,0.0,0.0,0.0,0.0,0,1.0117349970291147,0.0,0.8424242424242424,0.9416112342941613,35.9,at_risk_estimated,973.0,"🟠 You're at risk, Sandeep Driver93. You've earned ₹973 of your ₹1155 goal (6.8 of 8.2 hours elapsed). Your current pace is ₹141/hr — ₹0 above the required ₹141/hr. At this pace you're projected to finish at ₹973 — ₹182 short of your goal. To close the gap, you need ₹133/hr over your remaining 1.4 hours. (Velocity estimated from goal data — no live log entry found.)",at_risk
GOAL093,DRV094,2024-02-06,1900-01-01 09:25:00,1900-01-01 18:35:00,1408,7.9,1290,3.0,at_risk,430.0,ahead,9.166666666666666,0.32727272727272727,6.166666666666666,118,Kavitha Driver94,Delhi,morning,7.3,170,18,4.5,0.0,0.0,0.0,0.0,,0.0,0.0,0.0,0.0,0.0,0.0,0.0,2.0,568.0,284.0,214.64285714285714,35.0,14.649999999999999,483.03921568627453,18.934987168520102,0.6000000000000001,1.0,2.0,1.0,0.5,1.0,0.5,284.0,214.64285714285714,483.03921568627453,0.6000000000000001,1.0,1.0,0,2.7994791666666665,0.0,0.9161931818181818,0.1245777027027027,57.5,slightly_behind_estimated,1290.0,"🟡 You're slightly behind pace, Kavitha Driver94. You've earned ₹1290 of your ₹1408 goal (3.0 of 9.2 hours elapsed). Your current pace is ₹154/hr — ₹0 above the required ₹154/hr. At this pace you're projected to finish at ₹1290 — ₹118 short of your goal. Note: your shift has had a high proportion of tiring trips — take a break if you can. (Velocity estimated from goal data — no live log entry found.)",at_risk
GOAL094,DRV095,2024-02-06,1900-01-01 09:30:00,1900-01-01 17:40:00,1248,8.1,1090,1.6,achieved,681.25,at_risk,8.166666666666666,0.1959183673469388,6.566666666666666,158,Vijay Driver95,Kolkata,evening,8.3,195,45,4.5,1507.84,165.0,9.138424242424241,1342.84,ahead,2307.0,1.53,10.0,773.38,631.2149999999998,0.6926328697571251,3.0,2.0,409.0,204.5,177.16666666666666,31.5,11.7,408.8888888888889,17.418478260869566,0.4,1.0,1.0,1.0,0.5,0.5,0.5,204.5,177.16666666666666,408.8888888888889,0.4,1.0,1.0,1,4.457966079059829,9.138424242424241,2.0,0.14582371942778033,98.5,ahead,10991.482666666665,"✅ You're ahead of pace, Vijay Driver95. You've earned ₹1090 of your ₹1248 goal (1.6 of 8.2 hours elapsed). Your current pace is ₹1508/hr — ₹1343 above the required ₹165/hr. At this pace you're projected to finish at ₹10991 — ₹9743 above your goal.",ahead
GOAL095,DRV096,2024-02-06,1900-01-01 08:33:00,1900-01-01 14:43:00,1199,9.7,852,3.8,achieved,224.21,ahead,6.166666666666667,0.6162162162162161,2.366666666666667,347,Rahul Driver96,Bangalore,morning,7.9,205,45,4.6,502.06,199.0,2.5229145728643214,303.06,ahead,2189.0,4.36,12.0,386.555,231.00999999999988,0.2988061207331427,2.0,2.0,768.0,384.0,280.0,36.0,20.5,636.6023166023166,18.50810810810811,0.4,1.0,2.0,0.0,0.5,1.0,0.0,384.0,280.0,636.6023166023166,0.4,1.0,1.0,1,1.153153944076204,2.5229145728643214,1.7015918821239924,0.7367825040696439,77.6,on_track,2040.2086666666669,"🟢 You're on track, Rahul Driver96. You've earned ₹852 of your ₹1199 goal (3.8 of 6.2 hours elapsed). Your current pace is ₹502/hr — ₹303 above the required ₹199/hr. At this pace you're projected to finish at ₹2040 — ₹841 above your goal.",on_track
GOAL096,DRV097,2024-02-06,1900-01-01 08:21:00,1900-01-01 16:31:00,1373,9.2,722,5.8,achieved,124.48,at_risk,8.166666666666666,0.7102040816326531,2.3666666666666663,651,Vijay Driver97,Pune,afternoon,7.6,195,44,4.4,0.0,0.0,0.0,0.0,,0.0,0.0,0.0,0.0,0.0,0.0,0.0,1.0,167.0,167.0,119.28571428571429,37.0,8.4,270.8108108108108,19.88095238095238,0.8,1.0,1.0,1.0,1.0,1.0,1.0,167.0,119.28571428571429,270.8108108108108,0.8,1.0,1.0,0,0.7404291299361243,0.0,0.5258557902403496,1.6361314280438644,20.8,off_track_estimated,722.0,"🔴 You're off track, Vijay Driver97. You've earned ₹722 of your ₹1373 goal (5.8 of 8.2 hours elapsed). Your current pace is ₹168/hr — ₹0 above the required ₹168/hr. At this pace you're projected to finish at ₹722 — ₹651 short of your goal. To close the gap, you need ₹275/hr over your remaining 2.4 hours. Note: your shift has had a high proportion of tiring trips — take a break if you can. Note: 100% of your trips have been high-surge — this pace may be harder to sustain once surge drops. (Velocity estimated from goal data — no live log entry found.)",at_risk
GOAL097,DRV098,2024-02-06,1900-01-01 07:46:00,1900-01-01 17:56:00,1299,8.1,568,3.5,in_progress,162.29,ahead,10.166666666666666,0.3442622950819672,6.666666666666666,731,Lakshmi Driver98,Kolkata,morning,8.0,202,26,4.6,598.56,184.0,3.2530434782608695,414.55999999999995,ahead,2077.0,3.47,6.0,598.56,0.0,0.0,1.0,0.0,0.0,0.0,0.0,0.0,0.0,0.0,0.0,0.0,0.0,0.0,0.0,0.0,0.0,0.0,0.0,0.0,0.0,0.0,0.0,0.0,1,1.2701345357234504,3.2530434782608695,2.0,0.5959239130434784,84.9,ahead,4558.4,"✅ You're ahead of pace, Lakshmi Driver98. You've earned ₹568 of your ₹1299 goal (3.5 of 10.2 hours elapsed). Your current pace is ₹599/hr — ₹415 above the required ₹184/hr. At this pace you're projected to finish at ₹4558 — ₹3259 above your goal.",ahead
GOAL098,DRV099,2024-02-06,1900-01-01 06:53:00,1900-01-01 12:03:00,1112,7.6,737,2.2,achieved,335.0,at_risk,5.166666666666667,0.42580645161290326,2.966666666666667,375,Pooja Driver99,Hyderabad,evening,8.4,194,44,4.7,238.1,182.0,1.3082417582417583,56.099999999999994,ahead,600.0,2.52,6.0,238.1,0.0,0.0,1.0,1.0,395.0,395.0,263.3333333333333,19.0,19.7,1247.3684210526317,20.050761421319798,0.0,1.0,0.0,0.0,1.0,0.0,0.0,395.0,263.3333333333333,1247.3684210526317,0.0,1.0,1.0,1,1.5565047961630694,1.3082417582417583,1.2979886091127097,0.6945301889122113,68.3,on_track,1443.3633333333332,"🟢 You're on track, Pooja Driver99. You've earned ₹737 of your ₹1112 goal (2.2 of 5.2 hours elapsed). Your current pace is ₹238/hr — ₹56 above the required ₹182/hr. At this pace you're projected to finish at ₹1443 — ₹331 above your goal. Note: 100% of your trips have been high-surge — this pace may be harder to sustain once surge drops.",on_track
GOAL099,DRV100,2024-02-06,1900-01-01 07:46:00,1900-01-01 15:56:00,1357,6.8,248,5.5,in_progress,45.09,ahead,8.166666666666666,0.6734693877551021,2.666666666666666,1109,Deepa Driver100,Chennai,full_day,8.4,171,38,4.5,1129.73,168.0,6.724583333333333,961.73,ahead,2090.0,1.85,2.0,1537.0266666666666,229.45500000000018,0.5984186065731061,3.0,1.0,279.0,279.0,214.6153846153846,23.0,17.0,727.8260869565217,16.41176470588235,0.0,0.0,0.0,0.0,0.0,0.0,0.0,279.0,214.6153846153846,727.8260869565217,0.0,1.0,1.0,1,0.2713650878720886,6.724583333333333,2.0,2.0,58.4,slightly_behind,3260.613333333333,"🟡 You're slightly behind pace, Deepa Driver100. You've earned ₹248 of your ₹1357 goal (5.5 of 8.2 hours elapsed). Your current pace is ₹1130/hr — ₹962 above the required ₹168/hr. At this pace you're projected to finish at ₹3261 — ₹1904 above your goal.",at_risk
GOAL100,DRV101,2024-02-06,1900-01-01 07:38:00,1900-01-01 13:48:00,1222,6.3,819,2.3,at_risk,356.09,ahead,6.166666666666667,0.37297297297297294,3.866666666666667,403,Arun Driver101,Kolkata,afternoon,8.4,184,28,4.6,248.35,193.0,1.2867875647668394,55.349999999999994,ahead,1351.0,5.44,3.0,248.35,0.0,0.0,1.0,0.0,0.0,0.0,0.0,0.0,0.0,0.0,0.0,0.0,0.0,0.0,0.0,0.0,0.0,0.0,0.0,0.0,0.0,0.0,0.0,0.0,1,1.7969472710453287,1.2867875647668394,1.4560447354064376,0.5400214400571735,75.0,on_track,1779.2866666666669,"🟢 You're on track, Arun Driver101. You've earned ₹819 of your ₹1222 goal (2.3 of 6.2 hours elapsed). Your current pace is ₹248/hr — ₹55 above the required ₹193/hr. At this pace you're projected to finish at ₹1779 — ₹557 above your goal.",on_track
GOAL101,DRV102,2024-02-06,1900-01-01 10:51:00,1900-01-01 17:01:00,1213,8.8,459,3.4,at_risk,135.0,on_track,6.166666666666667,0.5513513513513513,2.766666666666667,754,Neha Driver102,Mumbai,evening,6.9,175,33,4.8,499.62,177.0,2.82271186440678,322.62,ahead,1309.0,2.62,12.0,499.62,0.0,0.0,1.0,1.0,294.0,294.0,267.27272727272725,30.0,17.3,588.0,16.99421965317919,0.0,0.0,0.0,0.0,0.0,0.0,0.0,294.0,267.27272727272725,588.0,0.0,1.0,1.0,1,0.6863149216817808,2.82271186440678,1.517957131079967,1.5397181948131509,61.0,slightly_behind,1841.2820000000002,"🟡 You're slightly behind pace, Neha Driver102. You've earned ₹459 of your ₹1213 goal (3.4 of 6.2 hours elapsed). Your current pace is ₹500/hr — ₹323 above the required ₹177/hr. At this pace you're projected to finish at ₹1841 — ₹628 above your goal.",at_risk
GOAL102,DRV103,2024-02-06,1900-01-01 09:59:00,1900-01-01 17:09:00,1537,8.8,862,3.2,in_progress,269.38,at_risk,7.166666666666667,0.44651162790697674,3.966666666666667,675,Amit Driver103,Bangalore,afternoon,7.7,192,21,4.9,166.67,171.43,0.9722335647202939,-4.760000000000019,at_risk,245.0,1.47,1.0,99.78999999999999,133.75999999999996,0.670207435614791,2.0,0.0,0.0,0.0,0.0,0.0,0.0,0.0,0.0,0.0,0.0,0.0,0.0,0.0,0.0,0.0,0.0,0.0,0.0,0.0,0.0,0.0,1,1.256031771849924,0.9722335647202939,0.9909722402949468,0.9926387868336392,52.8,slightly_behind,1523.1243333333332,"🟡 You're slightly behind pace, Amit Driver103. You've earned ₹862 of your ₹1537 goal (3.2 of 7.2 hours elapsed). Your current pace is ₹167/hr — ₹5 below the required ₹171/hr. At this pace you're projected to finish at ₹1523 — ₹14 short of your goal.",at_risk
GOAL103,DRV104,2024-02-06,1900-01-01 06:24:00,1900-01-01 15:34:00,1440,10.0,728,7.7,achieved,94.55,on_track,9.166666666666666,0.8400000000000001,1.466666666666666,712,Vijay Driver104,Delhi,afternoon,7.7,182,23,4.8,98.82,189.0,0.5228571428571428,-90.18,at_risk,585.0,5.92,11.0,98.82,0.0,0.0,1.0,1.0,210.0,210.0,190.9090909090909,38.0,12.4,331.57894736842104,16.93548387096774,0.8,0.0,1.0,1.0,0.0,1.0,1.0,210.0,190.9090909090909,331.57894736842104,0.8,1.0,1.0,1,0.6018518518518517,0.5228571428571428,0.6062055555555556,2.0,23.2,off_track,872.9359999999999,"🔴 You're off track, Vijay Driver104. You've earned ₹728 of your ₹1440 goal (7.7 of 9.2 hours elapsed). Your current pace is ₹99/hr — ₹90 below the required ₹189/hr. At this pace you're projected to finish at ₹873 — ₹567 short of your goal. To close the gap, you need ₹485/hr over your remaining 1.5 hours. Note: your shift has had a high proportion of tiring trips — take a break if you can.",at_risk
GOAL104,DRV105,2024-02-06,1900-01-01 09:04:00,1900-01-01 18:14:00,1305,8.4,565,5.7,in_progress,99.12,on_track,9.166666666666666,0.6218181818181818,3.466666666666666,740,Vijay Driver105,Pune,afternoon,6.7,185,47,4.6,356.65,200.0,1.7832499999999998,156.64999999999998,ahead,2493.0,6.99,5.0,356.65,0.0,0.0,1.0,0.0,0.0,0.0,0.0,0.0,0.0,0.0,0.0,0.0,0.0,0.0,0.0,0.0,0.0,0.0,0.0,0.0,0.0,0.0,0.0,0.0,1,0.6962649279648675,1.7832499999999998,1.3803729246487864,1.0673076923076925,61.0,slightly_behind,1801.3866666666663,"🟡 You're slightly behind pace, Vijay Driver105. You've earned ₹565 of your ₹1305 goal (5.7 of 9.2 hours elapsed). Your current pace is ₹357/hr — ₹157 above the required ₹200/hr. At this pace you're projected to finish at ₹1801 — ₹496 above your goal.",at_risk
GOAL105,DRV106,2024-02-06,1900-01-01 10:49:00,1900-01-01 19:59:00,1323,8.5,417,7.4,at_risk,56.35,at_risk,9.166666666666666,0.8072727272727274,1.7666666666666657,906,Pooja Driver106,Bangalore,morning,8.4,201,47,4.4,0.0,0.0,0.0,0.0,,0.0,0.0,0.0,0.0,0.0,0.0,0.0,2.0,428.0,214.0,146.66666666666669,23.5,13.15,607.1264367816092,16.213120444290176,0.2,2.0,0.0,1.0,1.0,0.0,0.5,214.0,146.66666666666669,607.1264367816092,0.2,1.0,1.0,0,0.39044146187003326,0.0,0.31519274376417233,2.0,9.6,off_track_estimated,417.0,"🔴 You're off track, Pooja Driver106. You've earned ₹417 of your ₹1323 goal (7.4 of 9.2 hours elapsed). Your current pace is ₹144/hr — ₹0 above the required ₹144/hr. At this pace you're projected to finish at ₹417 — ₹906 short of your goal. To close the gap, you need ₹513/hr over your remaining 1.8 hours. Note: 100% of your trips have been high-surge — this pace may be harder to sustain once surge drops. (Velocity estimated from goal data — no live log entry found.)",at_risk
GOAL106,DRV107,2024-02-06,1900-01-01 06:02:00,1900-01-01 12:12:00,1172,8.3,456,6.6,in_progress,69.09,at_risk,6.166666666666667,1.0,0.0,716,Priya Driver107,Mumbai,full_day,7.3,190,39,4.9,340.71,183.0,1.8618032786885246,157.70999999999998,ahead,385.0,1.13,9.0,340.71,0.0,0.0,1.0,5.0,1358.0,271.6,209.6916666666667,28.8,13.5,566.2254018724607,20.786176544797048,0.24000000000000005,2.0,2.0,1.0,0.4,0.4,0.2,296.0,233.44444444444446,591.4214214214214,0.13333333333333333,1.0898379970544918,1.0444982147845003,1,0.36353294032474925,1.8618032786885246,0.3890784982935154,2.0,33.7,at_risk,456.0,"🟠 You're at risk, Priya Driver107. You've earned ₹456 of your ₹1172 goal (6.6 of 6.2 hours elapsed). Your current pace is ₹341/hr — ₹158 above the required ₹183/hr. At this pace you're projected to finish at ₹456 — ₹716 short of your goal.",at_risk
GOAL107,DRV108,2024-02-06,1900-01-01 07:41:00,1900-01-01 13:51:00,1138,8.7,472,2.5,achieved,188.8,at_risk,6.166666666666667,0.4054054054054054,3.666666666666667,666,Naveen Driver108,Hyderabad,full_day,6.6,202,25,4.6,607.08,172.0,3.5295348837209306,435.08000000000004,ahead,1973.0,3.25,2.0,607.08,0.0,0.0,1.0,1.0,321.0,321.0,267.5,36.0,17.8,535.0,18.033707865168537,0.4,0.0,1.0,0.0,0.0,1.0,0.0,321.0,267.5,535.0,0.4,1.0,1.0,1,1.0230814294083188,3.5295348837209306,2.0,1.0560253699788582,77.2,on_track,2697.9600000000005,"🟢 You're on track, Naveen Driver108. You've earned ₹472 of your ₹1138 goal (2.5 of 6.2 hours elapsed). Your current pace is ₹607/hr — ₹435 above the required ₹172/hr. At this pace you're projected to finish at ₹2698 — ₹1560 above your goal.",on_track
GOAL108,DRV109,2024-02-06,1900-01-01 10:00:00,1900-01-01 20:10:00,1602,7.9,1027,7.0,in_progress,146.71,ahead,10.166666666666666,0.6885245901639344,3.166666666666666,575,Naveen Driver109,Delhi,morning,7.8,197,38,5.0,341.89,173.0,1.976242774566474,168.89,ahead,759.0,2.22,7.0,224.44,234.89999999999992,0.5233024416325075,2.0,0.0,0.0,0.0,0.0,0.0,0.0,0.0,0.0,0.0,0.0,0.0,0.0,0.0,0.0,0.0,0.0,0.0,0.0,0.0,0.0,0.0,1,0.9310831698472148,1.976242774566474,1.3168861839367456,1.0495892911469427,65.6,on_track,2109.6516666666666,"🟢 You're on track, Naveen Driver109. You've earned ₹1027 of your ₹1602 goal (7.0 of 10.2 hours elapsed). Your current pace is ₹342/hr — ₹169 above the required ₹173/hr. At this pace you're projected to finish at ₹2110 — ₹508 above your goal.",on_track
GOAL109,DRV110,2024-02-06,1900-01-01 07:00:00,1900-01-01 16:10:00,1593,6.5,1296,7.6,achieved,170.53,at_risk,9.166666666666666,0.8290909090909091,1.5666666666666664,297,Kavita Driver110,Chennai,full_day,9.0,181,37,5.0,0.0,0.0,0.0,0.0,,0.0,0.0,0.0,0.0,0.0,0.0,0.0,1.0,305.0,305.0,254.16666666666669,22.0,13.0,831.8181818181818,23.46153846153846,0.0,0.0,0.0,0.0,0.0,0.0,0.0,305.0,254.16666666666669,831.8181818181818,0.0,1.0,1.0,0,0.9812667261373774,0.0,0.8135593220338984,1.0908763072484675,33.6,at_risk_estimated,1296.0,"🟠 You're at risk, Kavita Driver110. You've earned ₹1296 of your ₹1593 goal (7.6 of 9.2 hours elapsed). Your current pace is ₹174/hr — ₹0 above the required ₹174/hr. At this pace you're projected to finish at ₹1296 — ₹297 short of your goal. To close the gap, you need ₹190/hr over your remaining 1.6 hours. (Velocity estimated from goal data — no live log entry found.)",at_risk
GOAL110,DRV111,2024-02-06,1900-01-01 08:25:00,1900-01-01 14:35:00,1747,10.0,1525,2.1,at_risk,726.19,at_risk,6.166666666666667,0.34054054054054056,4.066666666666666,222,Sandeep Driver111,Ahmedabad,evening,8.4,170,21,4.6,0.0,0.0,0.0,0.0,,0.0,0.0,0.0,0.0,0.0,0.0,0.0,1.0,235.0,235.0,235.0,28.0,13.2,503.57142857142856,17.803030303030305,0.0,0.0,0.0,0.0,0.0,0.0,0.0,235.0,235.0,503.57142857142856,0.0,1.0,1.0,0,2.563351232498342,0.0,0.8729250143102462,0.1926956750213481,56.2,slightly_behind_estimated,1525.0,"🟡 You're slightly behind pace, Sandeep Driver111. You've earned ₹1525 of your ₹1747 goal (2.1 of 6.2 hours elapsed). Your current pace is ₹283/hr — ₹0 above the required ₹283/hr. At this pace you're projected to finish at ₹1525 — ₹222 short of your goal. (Velocity estimated from goal data — no live log entry found.)",at_risk
GOAL111,DRV112,2024-02-06,1900-01-01 06:53:00,1900-01-01 15:03:00,1396,8.6,561,5.1,achieved,110.0,ahead,8.166666666666666,0.6244897959183674,3.0666666666666664,835,Pooja Driver112,Chennai,evening,8.1,186,19,4.7,0.0,0.0,0.0,0.0,,0.0,0.0,0.0,0.0,0.0,0.0,0.0,2.0,629.0,314.5,271.3257575757576,32.5,14.05,582.7556818181818,23.272841051314145,0.2,0.0,1.0,0.0,0.0,0.5,0.0,314.5,271.3257575757576,582.7556818181818,0.2,1.0,1.0,0,0.6435052531041069,0.0,0.40186246418338106,1.5928662638594744,18.1,off_track_estimated,561.0,"🔴 You're off track, Pooja Driver112. You've earned ₹561 of your ₹1396 goal (5.1 of 8.2 hours elapsed). Your current pace is ₹171/hr — ₹0 above the required ₹171/hr. At this pace you're projected to finish at ₹561 — ₹835 short of your goal. To close the gap, you need ₹272/hr over your remaining 3.1 hours. (Velocity estimated from goal data — no live log entry found.)",at_risk
GOAL112,DRV113,2024-02-06,1900-01-01 07:19:00,1900-01-01 16:29:00,1209,8.5,567,4.7,at_risk,120.64,at_risk,9.166666666666666,0.5127272727272728,4.466666666666666,642,Deepa Driver113,Hyderabad,full_day,9.4,191,31,4.5,330.49,165.0,2.002969696969697,165.49,ahead,2168.0,6.56,7.0,184.86,291.25999999999993,0.7877853510764904,2.0,0.0,0.0,0.0,0.0,0.0,0.0,0.0,0.0,0.0,0.0,0.0,0.0,0.0,0.0,0.0,0.0,0.0,0.0,0.0,0.0,0.0,1,0.9146824349295178,2.002969696969697,1.6899823545629995,0.871099050203528,73.1,on_track,2043.1886666666664,"🟢 You're on track, Deepa Driver113. You've earned ₹567 of your ₹1209 goal (4.7 of 9.2 hours elapsed). Your current pace is ₹330/hr — ₹165 above the required ₹165/hr. At this pace you're projected to finish at ₹2043 — ₹834 above your goal.",on_track
GOAL113,DRV114,2024-02-06,1900-01-01 07:08:00,1900-01-01 13:18:00,1297,6.1,688,4.7,in_progress,146.38,ahead,6.166666666666667,0.7621621621621621,1.4666666666666668,609,Shweta Driver114,Pune,full_day,8.5,193,31,4.9,340.65,175.0,1.9465714285714284,165.64999999999998,ahead,1148.0,3.37,3.0,340.65,0.0,0.0,1.0,1.0,427.0,427.0,328.46153846153845,32.0,12.3,800.625,34.71544715447154,0.0,0.0,0.0,0.0,0.0,0.0,0.0,427.0,328.46153846153845,800.625,0.0,1.0,1.0,1,0.6959869201703878,1.9465714285714284,0.9156669236700076,2.0,46.8,slightly_behind,1187.62,"🟡 You're slightly behind pace, Shweta Driver114. You've earned ₹688 of your ₹1297 goal (4.7 of 6.2 hours elapsed). Your current pace is ₹341/hr — ₹166 above the required ₹175/hr. At this pace you're projected to finish at ₹1188 — ₹109 short of your goal.",at_risk
GOAL114,DRV115,2024-02-06,1900-01-01 08:31:00,1900-01-01 18:41:00,1560,9.9,233,1.7,in_progress,137.06,at_risk,10.166666666666666,0.16721311475409836,8.466666666666667,1327,Vijay Driver115,Ahmedabad,afternoon,8.0,184,14,4.8,253.86,173.0,1.467398843930636,80.86000000000001,ahead,1645.0,6.48,9.0,120.08999999999999,112.56,0.8050287697631247,3.0,0.0,0.0,0.0,0.0,0.0,0.0,0.0,0.0,0.0,0.0,0.0,0.0,0.0,0.0,0.0,0.0,0.0,0.0,0.0,0.0,0.0,1,0.893225238813474,1.467398843930636,1.5271461538461537,0.9059669564425834,63.4,slightly_behind,2382.348,"🟡 You're slightly behind pace, Vijay Driver115. You've earned ₹233 of your ₹1560 goal (1.7 of 10.2 hours elapsed). Your current pace is ₹254/hr — ₹81 above the required ₹173/hr. At this pace you're projected to finish at ₹2382 — ₹822 above your goal.",at_risk
GOAL115,DRV116,2024-02-06,1900-01-01 06:25:00,1900-01-01 12:35:00,1316,9.2,1271,4.5,at_risk,282.44,ahead,6.166666666666667,0.7297297297297297,1.666666666666667,45,Deepa Driver116,Kolkata,full_day,6.7,179,38,4.9,1059.28,179.0,5.917765363128492,880.28,ahead,1769.0,1.67,12.0,1059.28,0.0,0.0,1.0,0.0,0.0,0.0,0.0,0.0,0.0,0.0,0.0,0.0,0.0,0.0,0.0,0.0,0.0,0.0,0.0,0.0,0.0,0.0,0.0,0.0,1,1.3235112011707757,5.917765363128492,2.0,0.15083798882681562,90.0,ahead,3036.466666666667,"✅ You're ahead of pace, Deepa Driver116. You've earned ₹1271 of your ₹1316 goal (4.5 of 6.2 hours elapsed). Your current pace is ₹1059/hr — ₹880 above the required ₹179/hr. At this pace you're projected to finish at ₹3036 — ₹1720 above your goal.",ahead
GOAL116,DRV117,2024-02-06,1900-01-01 07:47:00,1900-01-01 17:57:00,1338,9.7,275,6.3,achieved,43.65,ahead,10.166666666666666,0.619672131147541,3.8666666666666663,1063,Lakshmi Driver117,Kolkata,full_day,6.5,203,42,4.8,164.67,200.0,0.8233499999999999,-35.33000000000001,at_risk,1184.0,7.19,6.0,164.67,0.0,0.0,1.0,0.0,0.0,0.0,0.0,0.0,0.0,0.0,0.0,0.0,0.0,0.0,0.0,0.0,0.0,0.0,0.0,0.0,0.0,0.0,0.0,0.0,1,0.33167643406806335,0.8233499999999999,0.6814080717488789,1.3745689655172415,30.9,at_risk,911.7239999999999,"🟠 You're at risk, Lakshmi Driver117. You've earned ₹275 of your ₹1338 goal (6.3 of 10.2 hours elapsed). Your current pace is ₹165/hr — ₹35 below the required ₹200/hr. At this pace you're projected to finish at ₹912 — ₹426 short of your goal. To close the gap, you need ₹275/hr over your remaining 3.9 hours.",at_risk
GOAL117,DRV118,2024-02-06,1900-01-01 06:30:00,1900-01-01 16:40:00,1146,7.0,864,2.3,in_progress,375.65,ahead,10.166666666666666,0.2262295081967213,7.866666666666666,282,Anita Driver118,Hyderabad,evening,8.0,173,33,4.5,208.16,181.0,1.1500552486187845,27.159999999999997,ahead,1301.0,6.25,12.0,142.94,130.43999999999997,0.4562753602910312,2.0,3.0,839.0,279.6666666666667,216.83760683760684,29.666666666666668,16.166666666666668,581.0513739545997,18.49451945772501,0.3333333333333333,1.0,0.0,2.0,0.3333333333333333,0.0,0.6666666666666666,279.6666666666667,216.83760683760684,581.0513739545997,0.3333333333333333,1.0,1.0,1,3.332574550421125,1.1500552486187845,2.0,0.19805225208352845,87.4,ahead,2501.525333333333,"✅ You're ahead of pace, Anita Driver118. You've earned ₹864 of your ₹1146 goal (2.3 of 10.2 hours elapsed). Your current pace is ₹208/hr — ₹27 above the required ₹181/hr. At this pace you're projected to finish at ₹2502 — ₹1356 above your goal.",ahead
GOAL118,DRV119,2024-02-06,1900-01-01 06:57:00,1900-01-01 14:07:00,1199,7.8,374,6.9,in_progress,54.2,on_track,7.166666666666667,0.9627906976744186,0.2666666666666666,825,Lakshmi Driver119,Mumbai,afternoon,8.8,200,48,4.5,0.0,0.0,0.0,0.0,,0.0,0.0,0.0,0.0,0.0,0.0,0.0,0.0,0.0,0.0,0.0,0.0,0.0,0.0,0.0,0.0,0.0,0.0,0.0,0.0,0.0,0.0,0.0,0.0,0.0,0.0,0.0,0.0,0,0.32398174001684177,0.0,0.3119266055045872,2.0,8.7,off_track_estimated,374.0,"🔴 You're off track, Lakshmi Driver119. You've earned ₹374 of your ₹1199 goal (6.9 of 7.2 hours elapsed). Your current pace is ₹167/hr — ₹0 above the required ₹167/hr. At this pace you're projected to finish at ₹374 — ₹825 short of your goal. (Velocity estimated from goal data — no live log entry found.)",at_risk
GOAL119,DRV120,2024-02-06,1900-01-01 06:31:00,1900-01-01 16:41:00,1730,6.9,615,4.3,at_risk,143.02,ahead,10.166666666666666,0.42295081967213116,5.866666666666666,1115,Amit Driver120,Hyderabad,evening,7.3,205,24,4.6,0.0,0.0,0.0,0.0,,0.0,0.0,0.0,0.0,0.0,0.0,0.0,0.0,0.0,0.0,0.0,0.0,0.0,0.0,0.0,0.0,0.0,0.0,0.0,0.0,0.0,0.0,0.0,0.0,0.0,0.0,0.0,0.0,0,0.8405027557467402,0.0,0.3554913294797688,1.1169042301629006,24.7,off_track_estimated,615.0,"🔴 You're off track, Amit Driver120. You've earned ₹615 of your ₹1730 goal (4.3 of 10.2 hours elapsed). Your current pace is ₹170/hr — ₹0 above the required ₹170/hr. At this pace you're projected to finish at ₹615 — ₹1115 short of your goal. To close the gap, you need ₹190/hr over your remaining 5.9 hours. (Velocity estimated from goal data — no live log entry found.)",at_risk
GOAL120,DRV121,2024-02-06,1900-01-01 09:20:00,1900-01-01 15:30:00,1800,8.3,481,3.6,in_progress,133.61,on_track,6.166666666666667,0.5837837837837838,2.566666666666667,1319,Shweta Driver121,Bangalore,evening,9.0,182,44,4.7,360.52,171.0,2.1083040935672512,189.51999999999998,ahead,2091.0,5.8,12.0,349.02666666666664,110.18,0.4757395540147312,3.0,0.0,0.0,0.0,0.0,0.0,0.0,0.0,0.0,0.0,0.0,0.0,0.0,0.0,0.0,0.0,0.0,0.0,0.0,0.0,0.0,0.0,1,0.45774176954732515,2.1083040935672512,0.781297037037037,2.0,42.4,at_risk,1406.3346666666666,"🟠 You're at risk, Shweta Driver121. You've earned ₹481 of your ₹1800 goal (3.6 of 6.2 hours elapsed). Your current pace is ₹361/hr — ₹190 above the required ₹171/hr. At this pace you're projected to finish at ₹1406 — ₹394 short of your goal. To close the gap, you need ₹514/hr over your remaining 2.6 hours.",at_risk
GOAL121,DRV122,2024-02-06,1900-01-01 10:11:00,1900-01-01 18:21:00,1164,6.5,344,6.4,in_progress,53.75,ahead,8.166666666666666,0.7836734693877552,1.7666666666666657,820,Priya Driver122,Delhi,evening,7.2,202,39,4.9,0.0,0.0,0.0,0.0,,0.0,0.0,0.0,0.0,0.0,0.0,0.0,0.0,0.0,0.0,0.0,0.0,0.0,0.0,0.0,0.0,0.0,0.0,0.0,0.0,0.0,0.0,0.0,0.0,0.0,0.0,0.0,0.0,0,0.3771119702176403,0.0,0.29553264604810997,2.0,9.1,off_track_estimated,344.0,"🔴 You're off track, Priya Driver122. You've earned ₹344 of your ₹1164 goal (6.4 of 8.2 hours elapsed). Your current pace is ₹143/hr — ₹0 above the required ₹143/hr. At this pace you're projected to finish at ₹344 — ₹820 short of your goal. To close the gap, you need ₹464/hr over your remaining 1.8 hours. (Velocity estimated from goal data — no live log entry found.)",at_risk
GOAL122,DRV123,2024-02-06,1900-01-01 08:35:00,1900-01-01 15:45:00,1549,7.0,1391,1.8,in_progress,772.78,ahead,7.166666666666667,0.2511627906976744,5.366666666666667,158,Kiran Driver123,Bangalore,full_day,8.1,199,48,5.0,187.08,201.0,0.9307462686567165,-13.919999999999987,on_track,1433.0,7.66,12.0,187.08,0.0,0.0,1.0,0.0,0.0,0.0,0.0,0.0,0.0,0.0,0.0,0.0,0.0,0.0,0.0,0.0,0.0,0.0,0.0,0.0,0.0,0.0,0.0,0.0,1,3.5753652296583227,0.9307462686567165,1.5461562298256941,0.14647260591452674,78.4,on_track,2394.996,"🟢 You're on track, Kiran Driver123. You've earned ₹1391 of your ₹1549 goal (1.8 of 7.2 hours elapsed). Your current pace is ₹187/hr — ₹14 below the required ₹201/hr. At this pace you're projected to finish at ₹2395 — ₹846 above your goal.",on_track
GOAL123,DRV124,2024-02-06,1900-01-01 10:24:00,1900-01-01 17:34:00,1116,9.5,282,1.5,in_progress,188.0,on_track,7.166666666666667,0.20930232558139533,5.666666666666667,834,Lakshmi Driver124,Chennai,full_day,8.2,195,12,4.4,0.0,0.0,0.0,0.0,,0.0,0.0,0.0,0.0,0.0,0.0,0.0,1.0,328.0,328.0,252.3076923076923,29.0,16.0,678.6206896551723,20.5,0.0,0.0,0.0,0.0,0.0,0.0,0.0,328.0,252.3076923076923,678.6206896551723,0.0,1.0,1.0,0,1.2072879330943849,0.0,0.25268817204301075,0.9451296647691333,29.4,off_track_estimated,282.0,"🔴 You're off track, Lakshmi Driver124. You've earned ₹282 of your ₹1116 goal (1.5 of 7.2 hours elapsed). Your current pace is ₹156/hr — ₹0 above the required ₹156/hr. At this pace you're projected to finish at ₹282 — ₹834 short of your goal. To close the gap, you need ₹147/hr over your remaining 5.7 hours. (Velocity estimated from goal data — no live log entry found.)",at_risk
GOAL124,DRV125,2024-02-06,1900-01-01 10:56:00,1900-01-01 18:06:00,1526,8.8,1174,6.0,in_progress,195.67,on_track,7.166666666666667,0.8372093023255813,1.166666666666667,352,Amit Driver125,Pune,evening,7.1,188,25,4.8,308.22,167.0,1.8456287425149702,141.22000000000003,ahead,1874.0,6.08,3.0,221.23000000000002,173.97999999999996,0.39321068571170276,2.0,0.0,0.0,0.0,0.0,0.0,0.0,0.0,0.0,0.0,0.0,0.0,0.0,0.0,0.0,0.0,0.0,0.0,0.0,0.0,0.0,0.0,1,0.9189238386486094,1.8456287425149702,1.0049737876802098,1.8066723695466207,51.6,slightly_behind,1533.5900000000001,"🟡 You're slightly behind pace, Amit Driver125. You've earned ₹1174 of your ₹1526 goal (6.0 of 7.2 hours elapsed). Your current pace is ₹308/hr — ₹141 above the required ₹167/hr. At this pace you're projected to finish at ₹1534 — ₹8 above your goal.",at_risk
GOAL125,DRV126,2024-02-06,1900-01-01 08:33:00,1900-01-01 17:43:00,1521,7.0,557,5.5,in_progress,101.27,ahead,9.166666666666666,0.6000000000000001,3.666666666666666,964,Ravi Driver126,Hyderabad,full_day,8.7,193,45,4.7,693.91,173.0,4.011040462427745,520.91,ahead,2394.0,3.45,6.0,693.91,0.0,0.0,1.0,1.0,180.0,180.0,120.0,27.0,13.6,400.0,13.23529411764706,0.4,1.0,0.0,1.0,1.0,0.0,1.0,180.0,120.0,400.0,0.4,1.0,1.0,1,0.6103440718825334,4.011040462427745,2.0,1.5197057277982136,67.4,on_track,3101.336666666666,"🟢 You're on track, Ravi Driver126. You've earned ₹557 of your ₹1521 goal (5.5 of 9.2 hours elapsed). Your current pace is ₹694/hr — ₹521 above the required ₹173/hr. At this pace you're projected to finish at ₹3101 — ₹1580 above your goal. Note: 100% of your trips have been high-surge — this pace may be harder to sustain once surge drops.",on_track
GOAL126,DRV127,2024-02-06,1900-01-01 07:45:00,1900-01-01 16:55:00,1726,9.8,1484,6.9,achieved,215.07,at_risk,9.166666666666666,0.7527272727272728,2.2666666666666657,242,Kiran Driver127,Kolkata,afternoon,6.6,171,16,4.8,185.83,182.0,1.0210439560439561,3.8300000000000125,ahead,1167.0,6.28,3.0,158.02,55.61999999999996,0.1759903809644349,2.0,2.0,515.0,257.5,198.45454545454544,30.5,11.3,507.0,23.255584497592547,0.2,1.0,1.0,0.0,0.5,0.5,0.0,257.5,198.45454545454544,507.0,0.2,1.0,1.0,1,1.1422349852497466,1.0210439560439561,1.1038323677095403,0.5866192630898516,57.7,slightly_behind,1905.2146666666665,"🟡 You're slightly behind pace, Kiran Driver127. You've earned ₹1484 of your ₹1726 goal (6.9 of 9.2 hours elapsed). Your current pace is ₹186/hr — ₹4 above the required ₹182/hr. At this pace you're projected to finish at ₹1905 — ₹179 above your goal.",at_risk
GOAL127,DRV128,2024-02-06,1900-01-01 09:00:00,1900-01-01 19:10:00,1341,6.8,1285,7.8,at_risk,164.74,at_risk,10.166666666666666,0.7672131147540984,2.3666666666666663,56,Vijay Driver128,Bangalore,afternoon,6.6,176,14,4.4,211.45,192.0,1.1013020833333333,19.44999999999999,ahead,1163.0,5.5,4.0,718.47,-1014.0400000000002,0.7056940442885576,2.0,1.0,209.0,209.0,209.0,38.0,13.3,330.0,15.714285714285714,0.8,0.0,1.0,1.0,0.0,1.0,1.0,209.0,209.0,330.0,0.8,1.0,1.0,1,1.2489881897040733,1.1013020833333333,1.3314180959482973,0.12323943661971833,68.1,on_track,1785.4316666666666,"🟢 You're on track, Vijay Driver128. You've earned ₹1285 of your ₹1341 goal (7.8 of 10.2 hours elapsed). Your current pace is ₹211/hr — ₹19 above the required ₹192/hr. At this pace you're projected to finish at ₹1785 — ₹444 above your goal. Note: your shift has had a high proportion of tiring trips — take a break if you can.",on_track
GOAL128,DRV129,2024-02-06,1900-01-01 10:32:00,1900-01-01 17:42:00,1575,9.1,1550,2.9,in_progress,534.48,on_track,7.166666666666667,0.4046511627906976,4.2666666666666675,25,Anita Driver129,Mumbai,morning,8.7,203,13,4.5,0.0,0.0,0.0,0.0,,0.0,0.0,0.0,0.0,0.0,0.0,0.0,0.0,0.0,0.0,0.0,0.0,0.0,0.0,0.0,0.0,0.0,0.0,0.0,0.0,0.0,0.0,0.0,0.0,0.0,0.0,0.0,0.0,0,2.4320379492793287,0.0,0.9841269841269841,0.026661706349206345,59.5,slightly_behind_estimated,1550.0,"🟡 You're slightly behind pace, Anita Driver129. You've earned ₹1550 of your ₹1575 goal (2.9 of 7.2 hours elapsed). Your current pace is ₹220/hr — ₹0 above the required ₹220/hr. At this pace you're projected to finish at ₹1550 — ₹25 short of your goal. (Velocity estimated from goal data — no live log entry found.)",at_risk
GOAL129,DRV130,2024-02-06,1900-01-01 06:50:00,1900-01-01 13:00:00,1585,8.0,527,5.9,in_progress,89.32,on_track,6.166666666666667,0.9567567567567568,0.2666666666666666,1058,Kavitha Driver130,Delhi,morning,8.3,194,27,4.5,386.91,184.0,2.102771739130435,202.91000000000003,ahead,2306.0,5.96,10.0,489.005,-204.18999999999997,0.20878109630780872,2.0,2.0,506.0,253.0,219.66666666666669,22.0,9.1,684.8447204968944,28.658536585365855,0.2,1.0,0.0,1.0,0.5,0.0,0.5,253.0,219.66666666666669,684.8447204968944,0.2,1.0,1.0,1,0.3475200057031849,2.102771739130435,0.39758738170346997,2.0,35.3,at_risk,630.1759999999999,"🟠 You're at risk, Kavitha Driver130. You've earned ₹527 of your ₹1585 goal (5.9 of 6.2 hours elapsed). Your current pace is ₹387/hr — ₹203 above the required ₹184/hr. At this pace you're projected to finish at ₹630 — ₹955 short of your goal.",at_risk
GOAL130,DRV131,2024-02-06,1900-01-01 08:18:00,1900-01-01 15:28:00,1545,7.0,1463,6.7,achieved,218.36,on_track,7.166666666666667,0.9348837209302325,0.4666666666666668,82,Rekha Driver131,Ahmedabad,afternoon,6.5,180,9,4.4,0.0,0.0,0.0,0.0,,0.0,0.0,0.0,0.0,0.0,0.0,0.0,2.0,528.0,264.0,225.6439393939394,28.5,14.95,609.2045454545455,17.239667565139264,0.4,0.0,1.0,1.0,0.0,0.5,0.5,264.0,225.6439393939394,609.2045454545455,0.4,1.0,1.0,0,1.0128805809141992,0.0,0.946925566343042,0.8150716597318538,38.7,at_risk_estimated,1463.0,"🟠 You're at risk, Rekha Driver131. You've earned ₹1463 of your ₹1545 goal (6.7 of 7.2 hours elapsed). Your current pace is ₹216/hr — ₹0 above the required ₹216/hr. At this pace you're projected to finish at ₹1463 — ₹82 short of your goal. (Velocity estimated from goal data — no live log entry found.)",at_risk
GOAL131,DRV132,2024-02-06,1900-01-01 06:47:00,1900-01-01 12:57:00,1650,6.7,259,4.7,in_progress,55.11,on_track,6.166666666666667,0.7621621621621621,1.4666666666666668,1391,Neha Driver132,Chennai,full_day,7.6,204,25,4.7,174.31,167.0,1.0437724550898204,7.310000000000002,ahead,1201.0,6.89,2.0,144.37,59.879999999999974,0.20738380549975755,2.0,2.0,667.0,333.5,294.7348484848485,28.0,17.1,722.1929824561404,20.001373626373628,0.2,0.0,1.0,0.0,0.0,0.5,0.0,333.5,294.7348484848485,722.1929824561404,0.2,1.0,1.0,1,0.20595314850634003,1.0437724550898204,0.3119119191919192,2.0,20.3,off_track,514.6546666666667,"🔴 You're off track, Neha Driver132. You've earned ₹259 of your ₹1650 goal (4.7 of 6.2 hours elapsed). Your current pace is ₹174/hr — ₹7 above the required ₹167/hr. At this pace you're projected to finish at ₹515 — ₹1135 short of your goal. To close the gap, you need ₹948/hr over your remaining 1.5 hours.",at_risk
GOAL132,DRV133,2024-02-06,1900-01-01 07:46:00,1900-01-01 16:56:00,1706,8.3,1058,2.8,at_risk,377.86,at_risk,9.166666666666666,0.3054545454545455,6.366666666666666,648,Sanjay Driver133,Delhi,full_day,8.2,197,41,4.8,453.65,196.0,2.3145408163265304,257.65,ahead,871.0,1.92,12.0,453.65,0.0,0.0,1.0,3.0,1105.0,368.3333333333333,278.6904761904762,21.0,13.6,1077.5123706702655,29.495750546194937,0.0,2.0,0.0,0.0,0.6666666666666666,0.0,0.0,368.3333333333333,278.6904761904762,1077.5123706702655,0.0,1.0,1.0,1,2.0302992240272424,2.3145408163265304,2.0,0.519286248530826,94.8,ahead,3946.238333333333,"✅ You're ahead of pace, Sanjay Driver133. You've earned ₹1058 of your ₹1706 goal (2.8 of 9.2 hours elapsed). Your current pace is ₹454/hr — ₹258 above the required ₹196/hr. At this pace you're projected to finish at ₹3946 — ₹2240 above your goal. Note: 67% of your trips have been high-surge — this pace may be harder to sustain once surge drops.",ahead
GOAL133,DRV134,2024-02-06,1900-01-01 07:49:00,1900-01-01 13:59:00,1433,6.9,685,6.3,in_progress,108.73,at_risk,6.166666666666667,1.0,0.0,748,Priya Driver134,Hyderabad,evening,7.7,184,13,4.7,33.27,174.0,0.19120689655172415,-140.73,at_risk,188.0,5.65,11.0,33.27,0.0,0.0,1.0,1.0,313.0,313.0,195.625,34.0,10.6,552.3529411764705,29.528301886792455,0.4,1.0,1.0,0.0,1.0,1.0,0.0,313.0,195.625,552.3529411764705,0.4,1.0,1.0,1,0.46790135764315804,0.19120689655172415,0.47801814375436147,2.0,15.4,off_track,685.0,"🔴 You're off track, Priya Driver134. You've earned ₹685 of your ₹1433 goal (6.3 of 6.2 hours elapsed). Your current pace is ₹33/hr — ₹141 below the required ₹174/hr. At this pace you're projected to finish at ₹685 — ₹748 short of your goal. Note: 100% of your trips have been high-surge — this pace may be harder to sustain once surge drops.",at_risk
GOAL134,DRV135,2024-02-06,1900-01-01 07:04:00,1900-01-01 16:14:00,1699,7.9,1092,2.4,at_risk,455.0,at_risk,9.166666666666666,0.26181818181818184,6.766666666666666,607,Neha Driver135,Kolkata,evening,6.5,170,8,4.7,1910.71,192.0,9.951614583333333,1718.71,ahead,2140.0,1.12,4.0,993.79,1833.84,0.9226496543535355,2.0,1.0,261.0,261.0,174.0,21.0,14.4,745.7142857142858,18.125,0.0,1.0,0.0,0.0,1.0,0.0,0.0,261.0,174.0,745.7142857142858,0.0,1.0,1.0,1,2.454875416911909,9.951614583333333,2.0,0.467210591133005,95.3,ahead,14021.137666666666,"✅ You're ahead of pace, Neha Driver135. You've earned ₹1092 of your ₹1699 goal (2.4 of 9.2 hours elapsed). Your current pace is ₹1911/hr — ₹1719 above the required ₹192/hr. At this pace you're projected to finish at ₹14021 — ₹12322 above your goal. Note: 100% of your trips have been high-surge — this pace may be harder to sustain once surge drops.",ahead
GOAL135,DRV136,2024-02-06,1900-01-01 07:24:00,1900-01-01 15:34:00,1239,7.8,597,5.6,achieved,106.61,on_track,8.166666666666666,0.6857142857142857,2.5666666666666664,642,Sanjay Driver136,Chennai,evening,7.6,170,39,5.0,793.12,179.0,4.4308379888268155,614.12,ahead,1269.0,1.6,5.0,793.12,0.0,0.0,1.0,2.0,777.0,388.5,340.7954545454545,24.5,11.6,966.3157894736842,33.63388398002305,0.0,0.0,0.0,0.0,0.0,0.0,0.0,388.5,340.7954545454545,966.3157894736842,0.0,1.0,1.0,1,0.702683615819209,4.4308379888268155,2.0,1.397373576144526,69.8,on_track,2632.674666666667,"🟢 You're on track, Sanjay Driver136. You've earned ₹597 of your ₹1239 goal (5.6 of 8.2 hours elapsed). Your current pace is ₹793/hr — ₹614 above the required ₹179/hr. At this pace you're projected to finish at ₹2633 — ₹1394 above your goal.",on_track
GOAL136,DRV137,2024-02-06,1900-01-01 08:08:00,1900-01-01 14:18:00,1682,6.2,479,2.2,achieved,217.73,at_risk,6.166666666666667,0.3567567567567568,3.966666666666667,1203,Anita Driver137,Hyderabad,morning,8.7,188,46,4.5,209.3,191.0,1.0958115183246073,18.30000000000001,ahead,1170.0,5.59,12.0,582.32,-746.04,0.6405756285204011,2.0,0.0,0.0,0.0,0.0,0.0,0.0,0.0,0.0,0.0,0.0,0.0,0.0,0.0,0.0,0.0,0.0,0.0,0.0,0.0,0.0,0.0,1,0.7982470363564299,1.0958115183246073,0.7783729686880698,1.58783932421136,39.5,at_risk,1309.2233333333334,"🟠 You're at risk, Anita Driver137. You've earned ₹479 of your ₹1682 goal (2.2 of 6.2 hours elapsed). Your current pace is ₹209/hr — ₹18 above the required ₹191/hr. At this pace you're projected to finish at ₹1309 — ₹373 short of your goal. To close the gap, you need ₹303/hr over your remaining 4.0 hours.",at_risk
GOAL137,DRV138,2024-02-06,1900-01-01 09:10:00,1900-01-01 17:20:00,1325,9.5,521,6.6,at_risk,78.94,ahead,8.166666666666666,0.8081632653061225,1.5666666666666664,804,Rahul Driver138,Chennai,afternoon,7.4,205,35,4.6,0.0,0.0,0.0,0.0,,0.0,0.0,0.0,0.0,0.0,0.0,0.0,3.0,688.0,229.33333333333334,172.7403846153846,31.0,14.733333333333334,508.74646074646074,15.744796393352361,0.5333333333333333,1.0,2.0,2.0,0.3333333333333333,0.6666666666666666,0.6666666666666666,229.33333333333334,172.7403846153846,508.74646074646074,0.5333333333333333,1.0,1.0,0,0.4865446922050696,0.0,0.3932075471698113,2.0,12.0,off_track_estimated,521.0,"🔴 You're off track, Rahul Driver138. You've earned ₹521 of your ₹1325 goal (6.6 of 8.2 hours elapsed). Your current pace is ₹162/hr — ₹0 above the required ₹162/hr. At this pace you're projected to finish at ₹521 — ₹804 short of your goal. To close the gap, you need ₹513/hr over your remaining 1.6 hours. Note: your shift has had a high proportion of tiring trips — take a break if you can. (Velocity estimated from goal data — no live log entry found.)",at_risk
GOAL138,DRV139,2024-02-06,1900-01-01 07:36:00,1900-01-01 17:46:00,1335,6.3,1268,4.7,in_progress,269.79,ahead,10.166666666666666,0.46229508196721314,5.466666666666666,67,Lakshmi Driver139,Kolkata,full_day,6.8,175,35,4.8,900.98,169.0,5.3312426035502956,731.98,ahead,919.0,1.02,7.0,499.265,803.43,0.8046127807877581,2.0,1.0,426.0,426.0,426.0,29.0,9.6,881.3793103448277,44.375,0.0,0.0,0.0,0.0,0.0,0.0,0.0,426.0,426.0,881.3793103448277,0.0,1.0,1.0,1,2.0545594602491564,5.3312426035502956,2.0,0.07252128734305095,99.3,ahead,6193.3573333333325,"✅ You're ahead of pace, Lakshmi Driver139. You've earned ₹1268 of your ₹1335 goal (4.7 of 10.2 hours elapsed). Your current pace is ₹901/hr — ₹732 above the required ₹169/hr. At this pace you're projected to finish at ₹6193 — ₹4858 above your goal.",ahead
GOAL139,DRV140,2024-02-06,1900-01-01 09:53:00,1900-01-01 18:03:00,1385,6.1,1076,6.3,in_progress,170.79,on_track,8.166666666666666,0.7714285714285715,1.8666666666666663,309,Sandeep Driver140,Hyderabad,evening,8.3,204,25,4.6,634.0,185.0,3.427027027027027,449.0,ahead,317.0,0.5,4.0,634.0,0.0,0.0,1.0,0.0,0.0,0.0,0.0,0.0,0.0,0.0,0.0,0.0,0.0,0.0,0.0,0.0,0.0,0.0,0.0,0.0,0.0,0.0,0.0,0.0,1,1.007086508891563,3.427027027027027,1.6313838748495786,0.8947876447876449,73.1,on_track,2259.4666666666662,"🟢 You're on track, Sandeep Driver140. You've earned ₹1076 of your ₹1385 goal (6.3 of 8.2 hours elapsed). Your current pace is ₹634/hr — ₹449 above the required ₹185/hr. At this pace you're projected to finish at ₹2259 — ₹874 above your goal.",on_track
GOAL140,DRV141,2024-02-06,1900-01-01 08:27:00,1900-01-01 18:37:00,1327,9.6,505,7.4,in_progress,68.24,at_risk,10.166666666666666,0.7278688524590164,2.7666666666666657,822,Arun Driver141,Delhi,afternoon,7.0,199,47,4.7,91.05,172.0,0.5293604651162791,-80.95,at_risk,580.0,6.37,3.0,91.05,0.0,0.0,1.0,1.0,376.0,376.0,341.8181818181818,34.0,8.2,663.5294117647059,45.85365853658537,0.4,0.0,1.0,0.0,0.0,1.0,0.0,376.0,341.8181818181818,663.5294117647059,0.4,1.0,1.0,1,0.5228382112330868,0.5293604651162791,0.5703880934438583,1.7273746147380225,24.4,off_track,756.905,"🔴 You're off track, Arun Driver141. You've earned ₹505 of your ₹1327 goal (7.4 of 10.2 hours elapsed). Your current pace is ₹91/hr — ₹81 below the required ₹172/hr. At this pace you're projected to finish at ₹757 — ₹570 short of your goal. To close the gap, you need ₹297/hr over your remaining 2.8 hours.",at_risk
GOAL141,DRV142,2024-02-06,1900-01-01 06:02:00,1900-01-01 15:12:00,1616,6.1,1287,4.1,at_risk,313.9,on_track,9.166666666666666,0.44727272727272727,5.066666666666666,329,Kavitha Driver142,Ahmedabad,afternoon,7.1,179,11,5.0,459.52,180.0,2.552888888888889,279.52,ahead,2316.0,5.04,11.0,427.395,64.24999999999994,0.07516466032592801,2.0,1.0,156.0,156.0,141.8181818181818,32.0,13.5,292.5,11.555555555555555,0.4,0.0,0.0,1.0,0.0,0.0,1.0,156.0,141.8181818181818,292.5,0.4,1.0,1.0,1,1.7805934556870322,2.552888888888889,2.0,0.3607456140350877,93.6,ahead,3615.2346666666663,"✅ You're ahead of pace, Kavitha Driver142. You've earned ₹1287 of your ₹1616 goal (4.1 of 9.2 hours elapsed). Your current pace is ₹460/hr — ₹280 above the required ₹180/hr. At this pace you're projected to finish at ₹3615 — ₹1999 above your goal.",ahead
GOAL142,DRV143,2024-02-06,1900-01-01 09:31:00,1900-01-01 16:41:00,1185,8.2,212,6.0,achieved,35.33,on_track,7.166666666666667,0.8372093023255813,1.166666666666667,973,Rahul Driver143,Delhi,morning,7.0,178,36,4.8,0.0,0.0,0.0,0.0,,0.0,0.0,0.0,0.0,0.0,0.0,0.0,2.0,616.0,308.0,280.0,30.0,18.1,616.0,16.873415788670027,0.2,0.0,0.0,1.0,0.0,0.0,0.5,308.0,280.0,616.0,0.2,1.0,1.0,0,0.21368963900609472,0.0,0.17890295358649788,2.0,5.4,off_track_estimated,212.0,"🔴 You're off track, Rahul Driver143. You've earned ₹212 of your ₹1185 goal (6.0 of 7.2 hours elapsed). Your current pace is ₹165/hr — ₹0 above the required ₹165/hr. At this pace you're projected to finish at ₹212 — ₹973 short of your goal. To close the gap, you need ₹834/hr over your remaining 1.2 hours. (Velocity estimated from goal data — no live log entry found.)",at_risk
GOAL143,DRV144,2024-02-06,1900-01-01 07:22:00,1900-01-01 15:32:00,1344,8.6,385,1.6,at_risk,240.62,at_risk,8.166666666666666,0.1959183673469388,6.566666666666666,959,Deepa Driver144,Bangalore,afternoon,6.1,183,29,4.7,498.01,182.0,2.7363186813186813,316.01,ahead,1748.0,3.51,4.0,334.64,326.7399999999999,0.4881962706191728,2.0,1.0,318.0,318.0,265.0,33.0,16.2,578.1818181818182,19.62962962962963,0.4,0.0,1.0,0.0,0.0,1.0,0.0,318.0,265.0,578.1818181818182,0.4,1.0,1.0,1,1.4621310763888886,2.7363186813186813,2.0,0.8024209293244827,85.3,ahead,3655.2656666666667,"✅ You're ahead of pace, Deepa Driver144. You've earned ₹385 of your ₹1344 goal (1.6 of 8.2 hours elapsed). Your current pace is ₹498/hr — ₹316 above the required ₹182/hr. At this pace you're projected to finish at ₹3655 — ₹2311 above your goal.",ahead
GOAL144,DRV145,2024-02-06,1900-01-01 07:45:00,1900-01-01 16:55:00,1684,9.0,249,7.8,achieved,31.92,on_track,9.166666666666666,0.850909090909091,1.3666666666666663,1435,Anita Driver145,Chennai,full_day,8.4,172,29,4.4,264.81,199.0,1.3307035175879398,65.81,ahead,1904.0,7.19,13.0,264.81,0.0,0.0,1.0,1.0,345.0,345.0,215.625,30.0,16.5,690.0,20.90909090909091,0.0,1.0,0.0,0.0,1.0,0.0,0.0,345.0,215.625,690.0,0.0,1.0,1.0,1,0.173769718009623,1.3307035175879398,0.36277137767220896,2.0,24.2,off_track,610.9069999999999,"🔴 You're off track, Anita Driver145. You've earned ₹249 of your ₹1684 goal (7.8 of 9.2 hours elapsed). Your current pace is ₹265/hr — ₹66 above the required ₹199/hr. At this pace you're projected to finish at ₹611 — ₹1073 short of your goal. To close the gap, you need ₹1050/hr over your remaining 1.4 hours. Note: 100% of your trips have been high-surge — this pace may be harder to sustain once surge drops.",at_risk
GOAL145,DRV146,2024-02-06,1900-01-01 09:11:00,1900-01-01 17:21:00,1741,7.9,1497,1.5,at_risk,998.0,on_track,8.166666666666666,0.1836734693877551,6.666666666666666,244,Sanjay Driver146,Mumbai,evening,8.7,174,42,4.7,3568.52,177.0,20.161129943502825,3391.52,ahead,1927.0,0.54,2.0,1362.7666666666667,1649.6699999999994,1.1445257814294623,3.0,1.0,366.0,366.0,261.42857142857144,35.0,8.5,627.4285714285714,43.05882352941177,0.4,1.0,1.0,0.0,1.0,1.0,0.0,366.0,261.42857142857144,627.4285714285714,0.4,1.0,1.0,1,4.681409151828451,20.161129943502825,2.0,0.20677966101694914,97.9,ahead,25287.13333333333,"✅ You're ahead of pace, Sanjay Driver146. You've earned ₹1497 of your ₹1741 goal (1.5 of 8.2 hours elapsed). Your current pace is ₹3569/hr — ₹3392 above the required ₹177/hr. At this pace you're projected to finish at ₹25287 — ₹23546 above your goal. Note: 100% of your trips have been high-surge — this pace may be harder to sustain once surge drops.",ahead
GOAL146,DRV147,2024-02-06,1900-01-01 09:57:00,1900-01-01 17:07:00,1643,6.1,1072,6.4,at_risk,167.5,ahead,7.166666666666667,0.8930232558139535,0.7666666666666666,571,Manoj Driver147,Hyderabad,full_day,8.9,177,23,4.6,263.64,175.0,1.5065142857142857,88.63999999999999,ahead,145.0,0.55,1.0,263.64,0.0,0.0,1.0,2.0,308.0,154.0,102.66666666666667,32.5,10.7,292.6900584795321,14.473429951690822,0.6000000000000001,2.0,1.0,2.0,1.0,0.5,1.0,154.0,102.66666666666667,292.6900584795321,0.6000000000000001,1.0,1.0,1,0.7306248731994319,1.5065142857142857,0.7754863055386488,2.0,39.6,at_risk,1274.124,"🟠 You're at risk, Manoj Driver147. You've earned ₹1072 of your ₹1643 goal (6.4 of 7.2 hours elapsed). Your current pace is ₹264/hr — ₹89 above the required ₹175/hr. At this pace you're projected to finish at ₹1274 — ₹369 short of your goal. To close the gap, you need ₹745/hr over your remaining 0.8 hours. Note: your shift has had a high proportion of tiring trips — take a break if you can. Note: 100% of your trips have been high-surge — this pace may be harder to sustain once surge drops.",at_risk
GOAL147,DRV148,2024-02-06,1900-01-01 10:36:00,1900-01-01 17:46:00,1182,8.5,543,6.3,in_progress,86.19,ahead,7.166666666666667,0.8790697674418604,0.8666666666666671,639,Kiran Driver148,Pune,morning,6.7,176,41,4.8,615.38,189.0,3.2559788359788358,426.38,ahead,1280.0,2.08,2.0,615.38,0.0,0.0,1.0,1.0,331.0,331.0,236.42857142857144,19.0,13.9,1045.2631578947369,23.81294964028777,0.0,1.0,0.0,0.0,1.0,0.0,0.0,331.0,236.42857142857144,1045.2631578947369,0.0,1.0,1.0,1,0.5225874895925657,3.2559788359788358,0.9106001128031587,2.0,45.2,slightly_behind,1076.3293333333336,"🟡 You're slightly behind pace, Kiran Driver148. You've earned ₹543 of your ₹1182 goal (6.3 of 7.2 hours elapsed). Your current pace is ₹615/hr — ₹426 above the required ₹189/hr. At this pace you're projected to finish at ₹1076 — ₹106 short of your goal. Note: 100% of your trips have been high-surge — this pace may be harder to sustain once surge drops.",at_risk
GOAL148,DRV149,2024-02-06,1900-01-01 08:56:00,1900-01-01 14:06:00,1213,7.5,676,5.5,achieved,122.91,at_risk,5.166666666666667,1.0,0.0,537,Manoj Driver149,Ahmedabad,full_day,8.4,189,28,4.5,1771.7,181.0,9.78839779005525,1590.7,ahead,1878.0,1.06,5.0,1771.7,0.0,0.0,1.0,1.0,161.0,161.0,100.625,35.0,10.1,276.0,15.94059405940594,0.8,1.0,1.0,1.0,1.0,1.0,1.0,161.0,100.625,276.0,0.8,1.0,1.0,1,0.5235204476754354,9.78839779005525,0.5572959604286892,2.0,39.9,at_risk,676.0,"🟠 You're at risk, Manoj Driver149. You've earned ₹676 of your ₹1213 goal (5.5 of 5.2 hours elapsed). Your current pace is ₹1772/hr — ₹1591 above the required ₹181/hr. At this pace you're projected to finish at ₹676 — ₹537 short of your goal. Note: your shift has had a high proportion of tiring trips — take a break if you can. Note: 100% of your trips have been high-surge — this pace may be harder to sustain once surge drops.",at_risk
GOAL149,DRV150,2024-02-06,1900-01-01 07:41:00,1900-01-01 17:51:00,1168,8.2,992,2.8,achieved,354.29,on_track,10.166666666666666,0.2754098360655738,7.366666666666666,176,Kavita Driver150,Bangalore,evening,7.7,189,20,4.6,0.0,0.0,0.0,0.0,,0.0,0.0,0.0,0.0,0.0,0.0,0.0,1.0,173.0,173.0,115.33333333333333,27.0,15.1,384.44444444444446,11.456953642384105,0.4,1.0,0.0,1.0,1.0,0.0,1.0,173.0,115.33333333333333,384.44444444444446,0.4,1.0,1.0,0,3.0838225701239397,0.0,0.8493150684931506,0.20795884212483728,55.7,slightly_behind_estimated,992.0,"🟡 You're slightly behind pace, Kavita Driver150. You've earned ₹992 of your ₹1168 goal (2.8 of 10.2 hours elapsed). Your current pace is ₹115/hr — ₹0 above the required ₹115/hr. At this pace you're projected to finish at ₹992 — ₹176 short of your goal. Note: 100% of your trips have been high-surge — this pace may be harder to sustain once surge drops. (Velocity estimated from goal data — no live log entry found.)",at_risk
GOAL150,DRV151,2024-02-06,1900-01-01 10:07:00,1900-01-01 19:17:00,1694,9.5,1639,2.9,at_risk,565.17,on_track,9.166666666666666,0.31636363636363635,6.266666666666666,55,Kavita Driver151,Pune,morning,6.8,197,28,4.4,484.54,182.0,2.6623076923076923,302.54,ahead,2069.0,4.27,7.0,886.7366666666667,-449.3949999999998,0.42058846758533525,3.0,1.0,409.0,409.0,314.6153846153846,21.0,8.2,1168.5714285714284,49.87804878048781,0.0,0.0,0.0,0.0,0.0,0.0,0.0,409.0,314.6153846153846,1168.5714285714284,0.0,1.0,1.0,1,3.0582922824302137,2.6623076923076923,2.0,0.048223053542202486,99.5,ahead,4675.450666666666,"✅ You're ahead of pace, Kavita Driver151. You've earned ₹1639 of your ₹1694 goal (2.9 of 9.2 hours elapsed). Your current pace is ₹485/hr — ₹303 above the required ₹182/hr. At this pace you're projected to finish at ₹4675 — ₹2981 above your goal.",ahead
GOAL151,DRV152,2024-02-06,1900-01-01 08:22:00,1900-01-01 16:32:00,1615,8.7,767,1.9,achieved,403.68,at_risk,8.166666666666666,0.2326530612244898,6.266666666666666,848,Vijay Driver152,Bangalore,full_day,8.8,170,10,4.7,0.0,0.0,0.0,0.0,,0.0,0.0,0.0,0.0,0.0,0.0,0.0,0.0,0.0,0.0,0.0,0.0,0.0,0.0,0.0,0.0,0.0,0.0,0.0,0.0,0.0,0.0,0.0,0.0,0.0,0.0,0.0,0.0,0,2.0413339851175927,0.0,0.47492260061919506,0.6842763981292406,45.3,slightly_behind_estimated,767.0,"🟡 You're slightly behind pace, Vijay Driver152. You've earned ₹767 of your ₹1615 goal (1.9 of 8.2 hours elapsed). Your current pace is ₹198/hr — ₹0 above the required ₹198/hr. At this pace you're projected to finish at ₹767 — ₹848 short of your goal. (Velocity estimated from goal data — no live log entry found.)",at_risk
GOAL152,DRV153,2024-02-06,1900-01-01 09:31:00,1900-01-01 19:41:00,1639,9.3,1162,6.1,at_risk,190.49,ahead,10.166666666666666,0.6,4.066666666666666,477,Anita Driver153,Delhi,evening,8.7,185,18,4.7,174.04,172.0,1.011860465116279,2.039999999999992,ahead,1173.0,6.74,5.0,174.04,0.0,0.0,1.0,1.0,270.0,270.0,225.0,30.0,19.1,540.0,14.136125654450261,0.0,0.0,0.0,0.0,0.0,0.0,0.0,270.0,225.0,540.0,0.0,1.0,1.0,1,1.1816148057758797,1.011860465116279,1.140794793573317,0.6819481509721693,57.7,slightly_behind,1869.7626666666665,"🟡 You're slightly behind pace, Anita Driver153. You've earned ₹1162 of your ₹1639 goal (6.1 of 10.2 hours elapsed). Your current pace is ₹174/hr — ₹2 above the required ₹172/hr. At this pace you're projected to finish at ₹1870 — ₹231 above your goal.",at_risk
GOAL153,DRV154,2024-02-06,1900-01-01 08:28:00,1900-01-01 18:38:00,1476,9.2,334,2.7,achieved,123.7,on_track,10.166666666666666,0.2655737704918033,7.466666666666666,1142,Kavitha Driver154,Chennai,morning,6.2,179,42,4.9,0.0,0.0,0.0,0.0,,0.0,0.0,0.0,0.0,0.0,0.0,0.0,0.0,0.0,0.0,0.0,0.0,0.0,0.0,0.0,0.0,0.0,0.0,0.0,0.0,0.0,0.0,0.0,0.0,0.0,0.0,0.0,0.0,0,0.8520693231623674,0.0,0.22628726287262874,1.0534927893921797,23.5,off_track_estimated,334.0,"🔴 You're off track, Kavitha Driver154. You've earned ₹334 of your ₹1476 goal (2.7 of 10.2 hours elapsed). Your current pace is ₹145/hr — ₹0 above the required ₹145/hr. At this pace you're projected to finish at ₹334 — ₹1142 short of your goal. To close the gap, you need ₹153/hr over your remaining 7.5 hours. (Velocity estimated from goal data — no live log entry found.)",at_risk
GOAL154,DRV155,2024-02-06,1900-01-01 06:25:00,1900-01-01 13:35:00,1395,9.8,357,2.2,achieved,162.27,on_track,7.166666666666667,0.30697674418604654,4.966666666666667,1038,Sanjay Driver155,Ahmedabad,afternoon,7.1,205,30,4.9,417.44,195.0,2.1407179487179486,222.44,ahead,1532.0,3.67,6.0,417.44,0.0,0.0,1.0,0.0,0.0,0.0,0.0,0.0,0.0,0.0,0.0,0.0,0.0,0.0,0.0,0.0,0.0,0.0,0.0,0.0,0.0,0.0,0.0,0.0,1,0.8336591723688498,2.1407179487179486,1.7421400238948626,1.07176045431079,70.8,on_track,2430.2853333333333,"🟢 You're on track, Sanjay Driver155. You've earned ₹357 of your ₹1395 goal (2.2 of 7.2 hours elapsed). Your current pace is ₹417/hr — ₹222 above the required ₹195/hr. At this pace you're projected to finish at ₹2430 — ₹1035 above your goal.",on_track
GOAL155,DRV156,2024-02-06,1900-01-01 07:31:00,1900-01-01 14:41:00,1309,8.1,246,3.4,at_risk,72.35,ahead,7.166666666666667,0.47441860465116276,3.766666666666667,1063,Kiran Driver156,Pune,morning,8.4,192,16,4.6,0.0,0.0,0.0,0.0,,0.0,0.0,0.0,0.0,0.0,0.0,0.0,1.0,314.0,314.0,209.33333333333334,25.0,13.8,753.6,22.753623188405797,0.0,1.0,0.0,0.0,1.0,0.0,0.0,314.0,209.33333333333334,753.6,0.0,1.0,1.0,0,0.39612636498449655,0.0,0.18792971734148206,1.5450894758547022,12.3,off_track_estimated,246.0,"🔴 You're off track, Kiran Driver156. You've earned ₹246 of your ₹1309 goal (3.4 of 7.2 hours elapsed). Your current pace is ₹183/hr — ₹0 above the required ₹183/hr. At this pace you're projected to finish at ₹246 — ₹1063 short of your goal. To close the gap, you need ₹282/hr over your remaining 3.8 hours. Note: 100% of your trips have been high-surge — this pace may be harder to sustain once surge drops. (Velocity estimated from goal data — no live log entry found.)",at_risk
GOAL156,DRV157,2024-02-06,1900-01-01 07:30:00,1900-01-01 15:40:00,1530,7.8,1520,1.6,in_progress,950.0,on_track,8.166666666666666,0.1959183673469388,6.566666666666666,10,Kavita Driver157,Ahmedabad,full_day,8.0,204,39,4.5,317.22,200.0,1.5861,117.22000000000003,ahead,1713.0,5.4,14.0,317.22,0.0,0.0,1.0,2.0,596.0,298.0,282.0454545454545,24.5,13.649999999999999,763.9285714285714,21.72711154094133,0.0,0.0,0.0,0.0,0.0,0.0,0.0,298.0,282.0454545454545,763.9285714285714,0.0,1.0,1.0,1,5.070806100217864,1.5861,2.0,0.007614213197969543,94.8,ahead,3603.078,"✅ You're ahead of pace, Kavita Driver157. You've earned ₹1520 of your ₹1530 goal (1.6 of 8.2 hours elapsed). Your current pace is ₹317/hr — ₹117 above the required ₹200/hr. At this pace you're projected to finish at ₹3603 — ₹2073 above your goal.",ahead
GOAL157,DRV158,2024-02-06,1900-01-01 06:55:00,1900-01-01 13:05:00,1632,8.6,1043,5.3,at_risk,196.79,ahead,6.166666666666667,0.8594594594594593,0.8666666666666671,589,Lakshmi Driver158,Chennai,evening,8.6,187,46,4.9,145.77,190.0,0.7672105263157896,-44.22999999999999,at_risk,758.0,5.2,4.0,187.0,-82.46,0.22048128342245985,2.0,0.0,0.0,0.0,0.0,0.0,0.0,0.0,0.0,0.0,0.0,0.0,0.0,0.0,0.0,0.0,0.0,0.0,0.0,0.0,0.0,0.0,1,0.7435989332840055,0.7672105263157896,0.7165036764705883,2.0,29.6,off_track,1169.334,"🔴 You're off track, Lakshmi Driver158. You've earned ₹1043 of your ₹1632 goal (5.3 of 6.2 hours elapsed). Your current pace is ₹146/hr — ₹44 below the required ₹190/hr. At this pace you're projected to finish at ₹1169 — ₹463 short of your goal. To close the gap, you need ₹680/hr over your remaining 0.9 hours.",at_risk
GOAL158,DRV159,2024-02-06,1900-01-01 08:31:00,1900-01-01 18:41:00,1781,8.8,1323,4.4,achieved,300.68,ahead,10.166666666666666,0.4327868852459017,5.766666666666666,458,Priya Driver159,Delhi,morning,7.9,198,26,4.9,0.0,0.0,0.0,0.0,,0.0,0.0,0.0,0.0,0.0,0.0,0.0,0.0,0.0,0.0,0.0,0.0,0.0,0.0,0.0,0.0,0.0,0.0,0.0,0.0,0.0,0.0,0.0,0.0,0.0,0.0,0.0,0.0,0,1.7164131488949004,0.0,0.742841100505334,0.45337262627672326,48.1,slightly_behind_estimated,1323.0,"🟡 You're slightly behind pace, Priya Driver159. You've earned ₹1323 of your ₹1781 goal (4.4 of 10.2 hours elapsed). Your current pace is ₹175/hr — ₹0 above the required ₹175/hr. At this pace you're projected to finish at ₹1323 — ₹458 short of your goal. (Velocity estimated from goal data — no live log entry found.)",at_risk
GOAL159,DRV160,2024-02-06,1900-01-01 07:57:00,1900-01-01 15:07:00,1275,9.2,664,4.6,achieved,144.35,on_track,7.166666666666667,0.641860465116279,2.5666666666666673,611,Priya Driver160,Chennai,full_day,6.0,202,32,4.8,949.24,193.0,4.918341968911917,756.24,ahead,1253.0,1.32,11.0,949.24,0.0,0.0,1.0,2.0,646.0,323.0,251.94805194805195,28.5,11.1,670.2222222222222,28.443967367969087,0.0,1.0,0.0,0.0,0.5,0.0,0.0,323.0,251.94805194805195,670.2222222222222,0.0,1.0,1.0,1,0.8113668655868145,4.918341968911917,2.0,1.2334297826525802,72.8,on_track,3100.3826666666673,"🟢 You're on track, Priya Driver160. You've earned ₹664 of your ₹1275 goal (4.6 of 7.2 hours elapsed). Your current pace is ₹949/hr — ₹756 above the required ₹193/hr. At this pace you're projected to finish at ₹3100 — ₹1825 above your goal.",on_track
GOAL160,DRV161,2024-02-06,1900-01-01 07:22:00,1900-01-01 15:32:00,1566,9.8,1466,7.5,at_risk,195.47,ahead,8.166666666666666,0.9183673469387755,0.6666666666666661,100,Rahul Driver161,Chennai,afternoon,7.1,174,42,4.9,232.35,189.0,1.2293650793650794,43.349999999999994,ahead,1343.0,5.78,1.0,232.35,0.0,0.0,1.0,3.0,1056.0,352.0,274.09090909090907,25.0,16.3,890.4491341991343,21.604777929017946,0.06666666666666667,2.0,0.0,0.0,0.6666666666666666,0.0,0.0,352.0,274.09090909090907,890.4491341991343,0.06666666666666667,1.0,1.0,1,1.0193557542216547,1.2293650793650794,1.0350574712643676,0.7936507936507944,55.7,slightly_behind,1620.8999999999999,"🟡 You're slightly behind pace, Rahul Driver161. You've earned ₹1466 of your ₹1566 goal (7.5 of 8.2 hours elapsed). Your current pace is ₹232/hr — ₹43 above the required ₹189/hr. At this pace you're projected to finish at ₹1621 — ₹55 above your goal. Note: 67% of your trips have been high-surge — this pace may be harder to sustain once surge drops.",at_risk
GOAL161,DRV162,2024-02-06,1900-01-01 08:11:00,1900-01-01 15:21:00,1782,9.2,530,3.0,in_progress,176.67,at_risk,7.166666666666667,0.41860465116279066,4.166666666666667,1252,Manoj Driver162,Ahmedabad,afternoon,8.1,190,34,4.8,259.62,175.0,1.4835428571428573,84.62,ahead,540.0,2.08,3.0,259.62,0.0,0.0,1.0,0.0,0.0,0.0,0.0,0.0,0.0,0.0,0.0,0.0,0.0,0.0,0.0,0.0,0.0,0.0,0.0,0.0,0.0,0.0,0.0,0.0,1,0.7105000623519142,1.4835428571428573,0.9044612794612794,1.7170285714285713,43.8,at_risk,1611.75,"🟠 You're at risk, Manoj Driver162. You've earned ₹530 of your ₹1782 goal (3.0 of 7.2 hours elapsed). Your current pace is ₹260/hr — ₹85 above the required ₹175/hr. At this pace you're projected to finish at ₹1612 — ₹170 short of your goal. To close the gap, you need ₹300/hr over your remaining 4.2 hours.",at_risk
GOAL162,DRV163,2024-02-06,1900-01-01 10:08:00,1900-01-01 19:18:00,1366,7.5,620,5.2,in_progress,119.23,ahead,9.166666666666666,0.5672727272727274,3.966666666666666,746,Pooja Driver163,Bangalore,morning,6.2,178,19,4.9,263.64,200.0,1.3182,63.639999999999986,ahead,580.0,2.2,2.0,263.64,0.0,0.0,1.0,0.0,0.0,0.0,0.0,0.0,0.0,0.0,0.0,0.0,0.0,0.0,0.0,0.0,0.0,0.0,0.0,0.0,0.0,0.0,0.0,0.0,1,0.8001088711191199,1.3182,1.2194524158125912,0.9403361344537817,55.4,slightly_behind,1665.7719999999997,"🟡 You're slightly behind pace, Pooja Driver163. You've earned ₹620 of your ₹1366 goal (5.2 of 9.2 hours elapsed). Your current pace is ₹264/hr — ₹64 above the required ₹200/hr. At this pace you're projected to finish at ₹1666 — ₹300 above your goal.",at_risk
GOAL163,DRV164,2024-02-06,1900-01-01 08:22:00,1900-01-01 15:32:00,1481,7.8,532,5.0,in_progress,106.4,on_track,7.166666666666667,0.6976744186046512,2.166666666666667,949,Manoj Driver164,Bangalore,full_day,6.7,172,44,4.8,64.9,177.0,0.3666666666666667,-112.1,at_risk,318.0,4.9,4.0,64.9,0.0,0.0,1.0,0.0,0.0,0.0,0.0,0.0,0.0,0.0,0.0,0.0,0.0,0.0,0.0,0.0,0.0,0.0,0.0,0.0,0.0,0.0,0.0,0.0,1,0.5148773351339185,0.3666666666666667,0.454163853252307,2.0,17.8,off_track,672.6166666666667,"🔴 You're off track, Manoj Driver164. You've earned ₹532 of your ₹1481 goal (5.0 of 7.2 hours elapsed). Your current pace is ₹65/hr — ₹112 below the required ₹177/hr. At this pace you're projected to finish at ₹673 — ₹808 short of your goal. To close the gap, you need ₹438/hr over your remaining 2.2 hours.",at_risk
GOAL164,DRV165,2024-02-06,1900-01-01 09:59:00,1900-01-01 18:09:00,1248,9.8,855,2.5,at_risk,342.0,ahead,8.166666666666666,0.30612244897959184,5.666666666666666,393,Ravi Driver165,Ahmedabad,evening,6.2,184,46,4.8,0.0,0.0,0.0,0.0,,0.0,0.0,0.0,0.0,0.0,0.0,0.0,1.0,356.0,356.0,222.5,36.0,14.0,593.3333333333334,25.428571428571427,0.4,1.0,1.0,0.0,1.0,1.0,0.0,356.0,222.5,593.3333333333334,0.4,1.0,1.0,0,2.237980769230769,0.0,0.6850961538461539,0.45383201357466063,50.7,slightly_behind_estimated,855.0,"🟡 You're slightly behind pace, Ravi Driver165. You've earned ₹855 of your ₹1248 goal (2.5 of 8.2 hours elapsed). Your current pace is ₹153/hr — ₹0 above the required ₹153/hr. At this pace you're projected to finish at ₹855 — ₹393 short of your goal. Note: 100% of your trips have been high-surge — this pace may be harder to sustain once surge drops. (Velocity estimated from goal data — no live log entry found.)",at_risk
GOAL165,DRV166,2024-02-06,1900-01-01 10:21:00,1900-01-01 18:31:00,1585,9.6,1374,5.8,at_risk,236.9,ahead,8.166666666666666,0.7102040816326531,2.3666666666666663,211,Rahul Driver166,Pune,full_day,9.2,175,37,4.9,0.0,0.0,0.0,0.0,,0.0,0.0,0.0,0.0,0.0,0.0,0.0,0.0,0.0,0.0,0.0,0.0,0.0,0.0,0.0,0.0,0.0,0.0,0.0,0.0,0.0,0.0,0.0,0.0,0.0,0.0,0.0,0.0,0,1.2206026324377242,0.0,0.8668769716088328,0.45936819656107,43.7,at_risk_estimated,1374.0,"🟠 You're at risk, Rahul Driver166. You've earned ₹1374 of your ₹1585 goal (5.8 of 8.2 hours elapsed). Your current pace is ₹194/hr — ₹0 above the required ₹194/hr. At this pace you're projected to finish at ₹1374 — ₹211 short of your goal. To close the gap, you need ₹89/hr over your remaining 2.4 hours. (Velocity estimated from goal data — no live log entry found.)",at_risk
GOAL166,DRV167,2024-02-06,1900-01-01 09:21:00,1900-01-01 15:31:00,1590,9.6,485,5.9,in_progress,82.2,at_risk,6.166666666666667,0.9567567567567568,0.2666666666666666,1105,Kavita Driver167,Chennai,full_day,8.9,173,47,4.6,344.17,175.0,1.9666857142857144,169.17000000000002,ahead,2213.0,6.43,10.0,465.34000000000003,-242.33999999999992,0.2603902522886491,2.0,0.0,0.0,0.0,0.0,0.0,0.0,0.0,0.0,0.0,0.0,0.0,0.0,0.0,0.0,0.0,0.0,0.0,0.0,0.0,0.0,0.0,1,0.31881817858792594,1.9666857142857144,0.36275387840670853,2.0,34.0,at_risk,576.7786666666666,"🟠 You're at risk, Kavita Driver167. You've earned ₹485 of your ₹1590 goal (5.9 of 6.2 hours elapsed). Your current pace is ₹344/hr — ₹169 above the required ₹175/hr. At this pace you're projected to finish at ₹577 — ₹1013 short of your goal.",at_risk
GOAL167,DRV168,2024-02-06,1900-01-01 06:25:00,1900-01-01 16:35:00,1325,7.8,389,3.6,at_risk,108.06,ahead,10.166666666666666,0.35409836065573774,6.566666666666666,936,Kavita Driver168,Bangalore,evening,6.3,183,41,4.5,0.0,0.0,0.0,0.0,,0.0,0.0,0.0,0.0,0.0,0.0,0.0,1.0,408.0,408.0,340.0,36.0,19.4,680.0,21.030927835051546,0.4,0.0,1.0,0.0,0.0,1.0,0.0,408.0,340.0,680.0,0.4,1.0,1.0,0,0.8291055206149546,0.0,0.29358490566037737,1.0936883440283496,23.8,off_track_estimated,389.0,"🔴 You're off track, Kavita Driver168. You've earned ₹389 of your ₹1325 goal (3.6 of 10.2 hours elapsed). Your current pace is ₹130/hr — ₹0 above the required ₹130/hr. At this pace you're projected to finish at ₹389 — ₹936 short of your goal. To close the gap, you need ₹143/hr over your remaining 6.6 hours. (Velocity estimated from goal data — no live log entry found.)",at_risk
GOAL168,DRV169,2024-02-06,1900-01-01 07:37:00,1900-01-01 17:47:00,1327,9.1,769,2.8,in_progress,274.64,ahead,10.166666666666666,0.2754098360655738,7.366666666666666,558,Deepa Driver169,Kolkata,afternoon,6.7,185,44,4.8,1766.39,187.0,9.445935828877007,1579.39,ahead,2155.0,1.22,12.0,991.1750000000001,1550.4299999999996,0.7821171841501249,2.0,1.0,425.0,425.0,425.0,27.0,10.8,944.4444444444445,39.35185185185185,0.0,0.0,0.0,0.0,0.0,0.0,0.0,425.0,425.0,944.4444444444445,0.0,1.0,1.0,1,2.1041464815014175,9.445935828877007,2.0,0.40506206596171995,95.9,ahead,13781.406333333332,"✅ You're ahead of pace, Deepa Driver169. You've earned ₹769 of your ₹1327 goal (2.8 of 10.2 hours elapsed). Your current pace is ₹1766/hr — ₹1579 above the required ₹187/hr. At this pace you're projected to finish at ₹13781 — ₹12454 above your goal.",ahead
GOAL169,DRV170,2024-02-06,1900-01-01 09:43:00,1900-01-01 15:53:00,1624,7.6,1204,3.6,at_risk,334.44,ahead,6.166666666666667,0.5837837837837838,2.566666666666667,420,Lakshmi Driver170,Kolkata,morning,8.7,192,37,4.8,707.65,166.0,4.262951807228916,541.65,ahead,1295.0,1.83,9.0,447.04499999999996,521.2099999999997,0.5829502622778469,2.0,2.0,414.0,207.0,162.83333333333331,21.5,11.75,574.2207792207791,18.508017063842306,0.2,1.0,0.0,1.0,0.5,0.0,0.5,207.0,162.83333333333331,574.2207792207791,0.2,1.0,1.0,1,1.269955300127714,4.262951807228916,1.8597916666666667,0.985761226725082,78.9,on_track,3020.3016666666667,"🟢 You're on track, Lakshmi Driver170. You've earned ₹1204 of your ₹1624 goal (3.6 of 6.2 hours elapsed). Your current pace is ₹708/hr — ₹542 above the required ₹166/hr. At this pace you're projected to finish at ₹3020 — ₹1396 above your goal.",on_track
GOAL170,DRV171,2024-02-06,1900-01-01 06:58:00,1900-01-01 14:08:00,1507,6.6,1075,3.9,achieved,275.64,on_track,7.166666666666667,0.5441860465116278,3.266666666666667,432,Shweta Driver171,Bangalore,afternoon,8.8,205,33,4.7,0.0,0.0,0.0,0.0,,0.0,0.0,0.0,0.0,0.0,0.0,0.0,0.0,0.0,0.0,0.0,0.0,0.0,0.0,0.0,0.0,0.0,0.0,0.0,0.0,0.0,0.0,0.0,0.0,0.0,0.0,0.0,0.0,0,1.3108343400314204,0.0,0.7133377571333775,0.628901859350243,40.8,at_risk_estimated,1075.0,"🟠 You're at risk, Shweta Driver171. You've earned ₹1075 of your ₹1507 goal (3.9 of 7.2 hours elapsed). Your current pace is ₹210/hr — ₹0 above the required ₹210/hr. At this pace you're projected to finish at ₹1075 — ₹432 short of your goal. To close the gap, you need ₹132/hr over your remaining 3.3 hours. (Velocity estimated from goal data — no live log entry found.)",at_risk
GOAL171,DRV172,2024-02-06,1900-01-01 08:22:00,1900-01-01 16:32:00,1415,9.9,1348,2.1,at_risk,641.9,at_risk,8.166666666666666,0.2571428571428572,6.066666666666666,67,Lakshmi Driver172,Ahmedabad,evening,9.2,205,28,4.9,0.0,0.0,0.0,0.0,,0.0,0.0,0.0,0.0,0.0,0.0,0.0,2.0,408.0,204.0,148.58333333333334,28.5,14.600000000000001,441.3157894736842,13.830347486716509,0.4,1.0,1.0,1.0,0.5,0.5,0.5,204.0,148.58333333333334,441.3157894736842,0.4,1.0,1.0,0,3.704750687082842,0.0,0.9526501766784452,0.06374014677901603,58.7,slightly_behind_estimated,1348.0,"🟡 You're slightly behind pace, Lakshmi Driver172. You've earned ₹1348 of your ₹1415 goal (2.1 of 8.2 hours elapsed). Your current pace is ₹173/hr — ₹0 above the required ₹173/hr. At this pace you're projected to finish at ₹1348 — ₹67 short of your goal. (Velocity estimated from goal data — no live log entry found.)",at_risk
GOAL172,DRV173,2024-02-06,1900-01-01 09:51:00,1900-01-01 18:01:00,1395,6.7,1068,6.2,achieved,172.26,on_track,8.166666666666666,0.7591836734693879,1.966666666666666,327,Shweta Driver173,Kolkata,evening,8.1,204,21,4.6,315.11,176.0,1.7903977272727274,139.11,ahead,2294.0,7.28,2.0,266.11,97.99999999999999,0.1841343805193341,2.0,0.0,0.0,0.0,0.0,0.0,0.0,0.0,0.0,0.0,0.0,0.0,0.0,0.0,0.0,0.0,0.0,0.0,0.0,0.0,0.0,0.0,1,1.008440282113539,1.7903977272727274,1.209832497013142,0.9447226502311251,63.7,slightly_behind,1687.716333333333,"🟡 You're slightly behind pace, Shweta Driver173. You've earned ₹1068 of your ₹1395 goal (6.2 of 8.2 hours elapsed). Your current pace is ₹315/hr — ₹139 above the required ₹176/hr. At this pace you're projected to finish at ₹1688 — ₹293 above your goal.",at_risk
GOAL173,DRV174,2024-02-06,1900-01-01 10:38:00,1900-01-01 16:48:00,1247,6.8,1172,7.9,at_risk,148.35,at_risk,6.166666666666667,1.0,0.0,75,Priya Driver174,Hyderabad,evening,9.4,198,33,4.4,611.25,178.0,3.433988764044944,433.25,ahead,2500.0,4.09,8.0,611.25,0.0,0.0,1.0,1.0,262.0,262.0,163.75,30.0,11.1,524.0,23.603603603603606,0.0,1.0,0.0,0.0,1.0,0.0,0.0,262.0,163.75,524.0,0.0,1.0,1.0,1,0.7336425987771495,3.433988764044944,0.9398556535685646,2.0,48.3,slightly_behind,1172.0,"🟡 You're slightly behind pace, Priya Driver174. You've earned ₹1172 of your ₹1247 goal (7.9 of 6.2 hours elapsed). Your current pace is ₹611/hr — ₹433 above the required ₹178/hr. At this pace you're projected to finish at ₹1172 — ₹75 short of your goal. Note: 100% of your trips have been high-surge — this pace may be harder to sustain once surge drops.",at_risk
GOAL174,DRV175,2024-02-06,1900-01-01 06:59:00,1900-01-01 16:09:00,1484,6.4,1038,5.7,achieved,182.11,at_risk,9.166666666666666,0.6218181818181818,3.466666666666666,446,Kavita Driver175,Hyderabad,morning,7.8,189,8,4.6,295.14,190.0,1.5533684210526315,105.13999999999999,ahead,1154.0,3.91,2.0,295.14,0.0,0.0,1.0,2.0,575.0,287.5,213.04945054945057,23.5,10.5,740.3846153846155,27.39349623035698,0.1,1.0,0.0,0.0,0.5,0.0,0.0,287.5,213.04945054945057,740.3846153846155,0.1,1.0,1.0,1,1.1248640469097273,1.5533684210526315,1.3889164420485172,0.6771255060728747,67.5,on_track,2061.1519999999996,"🟢 You're on track, Kavita Driver175. You've earned ₹1038 of your ₹1484 goal (5.7 of 9.2 hours elapsed). Your current pace is ₹295/hr — ₹105 above the required ₹190/hr. At this pace you're projected to finish at ₹2061 — ₹577 above your goal.",on_track
GOAL175,DRV176,2024-02-06,1900-01-01 07:35:00,1900-01-01 16:45:00,1681,9.0,480,2.8,achieved,171.43,at_risk,9.166666666666666,0.3054545454545455,6.366666666666666,1201,Deepa Driver176,Pune,evening,6.1,187,43,4.7,1012.7,196.0,5.166836734693878,816.7,ahead,1914.0,1.89,6.0,602.9,819.5999999999999,0.6797147122242495,2.0,0.0,0.0,0.0,0.0,0.0,0.0,0.0,0.0,0.0,0.0,0.0,0.0,0.0,0.0,0.0,0.0,0.0,0.0,0.0,0.0,0.0,1,0.9348177105464434,5.166836734693878,2.0,0.9624425686504969,77.1,on_track,6927.5233333333335,"🟢 You're on track, Deepa Driver176. You've earned ₹480 of your ₹1681 goal (2.8 of 9.2 hours elapsed). Your current pace is ₹1013/hr — ₹817 above the required ₹196/hr. At this pace you're projected to finish at ₹6928 — ₹5247 above your goal.",on_track
GOAL176,DRV177,2024-02-06,1900-01-01 10:31:00,1900-01-01 16:41:00,1409,9.3,822,4.7,at_risk,174.89,at_risk,6.166666666666667,0.7621621621621621,1.4666666666666668,587,Naveen Driver177,Delhi,morning,6.1,192,17,4.5,187.45,205.0,0.914390243902439,-17.55000000000001,on_track,1479.0,7.89,14.0,187.45,0.0,0.0,1.0,1.0,362.0,362.0,226.25,37.0,18.2,587.0270270270271,19.89010989010989,0.4,1.0,1.0,0.0,1.0,1.0,0.0,362.0,226.25,587.0270270270271,0.4,1.0,1.0,1,0.7654440300197817,0.914390243902439,0.7785143127513604,1.9523281596452327,33.2,at_risk,1096.9266666666667,"🟠 You're at risk, Naveen Driver177. You've earned ₹822 of your ₹1409 goal (4.7 of 6.2 hours elapsed). Your current pace is ₹187/hr — ₹18 below the required ₹205/hr. At this pace you're projected to finish at ₹1097 — ₹312 short of your goal. To close the gap, you need ₹400/hr over your remaining 1.5 hours. Note: 100% of your trips have been high-surge — this pace may be harder to sustain once surge drops.",at_risk
GOAL177,DRV178,2024-02-06,1900-01-01 07:01:00,1900-01-01 13:11:00,1257,7.1,1167,2.3,at_risk,507.39,at_risk,6.166666666666667,0.37297297297297294,3.866666666666667,90,Neha Driver178,Pune,afternoon,6.9,189,13,4.7,0.0,0.0,0.0,0.0,,0.0,0.0,0.0,0.0,0.0,0.0,0.0,2.0,578.0,289.0,239.4405594405594,27.0,13.700000000000001,685.8333333333333,21.182322871434067,0.2,0.0,1.0,0.0,0.0,0.5,0.0,289.0,239.4405594405594,685.8333333333333,0.2,1.0,1.0,0,2.4891909653765003,0.0,0.9284009546539379,0.11418813266397826,57.8,slightly_behind_estimated,1167.0,"🟡 You're slightly behind pace, Neha Driver178. You've earned ₹1167 of your ₹1257 goal (2.3 of 6.2 hours elapsed). Your current pace is ₹204/hr — ₹0 above the required ₹204/hr. At this pace you're projected to finish at ₹1167 — ₹90 short of your goal. (Velocity estimated from goal data — no live log entry found.)",at_risk
GOAL178,DRV179,2024-02-06,1900-01-01 09:11:00,1900-01-01 18:21:00,1760,7.0,444,6.5,achieved,68.31,on_track,9.166666666666666,0.7090909090909091,2.666666666666666,1316,Naveen Driver179,Pune,morning,8.5,200,19,4.7,0.0,0.0,0.0,0.0,,0.0,0.0,0.0,0.0,0.0,0.0,0.0,2.0,665.0,332.5,237.50000000000003,27.5,12.75,761.0054347826087,26.896619496855347,0.0,2.0,0.0,0.0,1.0,0.0,0.0,332.5,237.50000000000003,761.0054347826087,0.0,1.0,1.0,0,0.3557692307692307,0.0,0.25227272727272726,2.0,8.2,off_track_estimated,444.0,"🔴 You're off track, Naveen Driver179. You've earned ₹444 of your ₹1760 goal (6.5 of 9.2 hours elapsed). Your current pace is ₹192/hr — ₹0 above the required ₹192/hr. At this pace you're projected to finish at ₹444 — ₹1316 short of your goal. To close the gap, you need ₹494/hr over your remaining 2.7 hours. Note: 100% of your trips have been high-surge — this pace may be harder to sustain once surge drops. (Velocity estimated from goal data — no live log entry found.)",at_risk
GOAL179,DRV180,2024-02-06,1900-01-01 10:47:00,1900-01-01 18:57:00,1695,7.9,1093,7.1,at_risk,153.94,ahead,8.166666666666666,0.8693877551020408,1.0666666666666664,602,Naveen Driver180,Bangalore,evening,6.1,194,13,4.9,0.0,0.0,0.0,0.0,,0.0,0.0,0.0,0.0,0.0,0.0,0.0,0.0,0.0,0.0,0.0,0.0,0.0,0.0,0.0,0.0,0.0,0.0,0.0,0.0,0.0,0.0,0.0,0.0,0.0,0.0,0.0,0.0,0,0.7417147921946626,0.0,0.6448377581120944,2.0,18.9,off_track_estimated,1093.0,"🔴 You're off track, Naveen Driver180. You've earned ₹1093 of your ₹1695 goal (7.1 of 8.2 hours elapsed). Your current pace is ₹208/hr — ₹0 above the required ₹208/hr. At this pace you're projected to finish at ₹1093 — ₹602 short of your goal. To close the gap, you need ₹564/hr over your remaining 1.1 hours. (Velocity estimated from goal data — no live log entry found.)",at_risk
GOAL180,DRV181,2024-02-06,1900-01-01 09:44:00,1900-01-01 15:54:00,1482,8.1,1378,1.6,achieved,861.25,on_track,6.166666666666667,0.2594594594594595,4.566666666666666,104,Amit Driver181,Chennai,full_day,7.5,177,22,4.8,0.0,0.0,0.0,0.0,,0.0,0.0,0.0,0.0,0.0,0.0,0.0,0.0,0.0,0.0,0.0,0.0,0.0,0.0,0.0,0.0,0.0,0.0,0.0,0.0,0.0,0.0,0.0,0.0,0.0,0.0,0.0,0.0,0,3.5836988304093564,0.0,0.9298245614035088,0.09476245357920347,58.0,slightly_behind_estimated,1378.0,"🟡 You're slightly behind pace, Amit Driver181. You've earned ₹1378 of your ₹1482 goal (1.6 of 6.2 hours elapsed). Your current pace is ₹240/hr — ₹0 above the required ₹240/hr. At this pace you're projected to finish at ₹1378 — ₹104 short of your goal. (Velocity estimated from goal data — no live log entry found.)",at_risk
GOAL181,DRV182,2024-02-06,1900-01-01 10:03:00,1900-01-01 17:13:00,1427,7.8,477,3.8,in_progress,125.53,at_risk,7.166666666666667,0.5302325581395348,3.366666666666667,950,Kavitha Driver182,Mumbai,full_day,6.2,203,10,4.6,321.65,200.0,1.60825,121.64999999999998,ahead,312.0,0.97,1.0,321.65,0.0,0.0,1.0,1.0,222.0,222.0,148.0,25.0,11.6,532.8000000000001,19.137931034482758,0.0,1.0,0.0,0.0,1.0,0.0,0.0,222.0,148.0,532.8000000000001,0.0,1.0,1.0,1,0.6304171430679011,1.60825,1.0931242700303667,1.4108910891089106,50.3,slightly_behind,1559.8883333333333,"🟡 You're slightly behind pace, Kavitha Driver182. You've earned ₹477 of your ₹1427 goal (3.8 of 7.2 hours elapsed). Your current pace is ₹322/hr — ₹122 above the required ₹200/hr. At this pace you're projected to finish at ₹1560 — ₹133 above your goal. Note: 100% of your trips have been high-surge — this pace may be harder to sustain once surge drops.",at_risk
GOAL182,DRV183,2024-02-06,1900-01-01 08:26:00,1900-01-01 16:36:00,1149,7.2,742,5.7,in_progress,130.18,ahead,8.166666666666666,0.6979591836734694,2.466666666666666,407,Naveen Driver183,Delhi,evening,7.8,184,17,4.4,0.0,0.0,0.0,0.0,,0.0,0.0,0.0,0.0,0.0,0.0,0.0,2.0,750.0,375.0,300.3525641025641,26.0,13.5,930.334928229665,28.73873873873874,0.2,0.0,1.0,0.0,0.0,0.5,0.0,375.0,300.3525641025641,930.334928229665,0.2,1.0,1.0,0,0.9252388295950202,0.0,0.6457789382071366,1.1727589208006965,29.5,off_track_estimated,742.0,"🔴 You're off track, Naveen Driver183. You've earned ₹742 of your ₹1149 goal (5.7 of 8.2 hours elapsed). Your current pace is ₹141/hr — ₹0 above the required ₹141/hr. At this pace you're projected to finish at ₹742 — ₹407 short of your goal. To close the gap, you need ₹165/hr over your remaining 2.5 hours. (Velocity estimated from goal data — no live log entry found.)",at_risk
GOAL183,DRV184,2024-02-06,1900-01-01 07:49:00,1900-01-01 14:59:00,1196,8.4,371,5.0,achieved,74.2,ahead,7.166666666666667,0.6976744186046512,2.166666666666667,825,Ravi Driver184,Ahmedabad,morning,6.8,188,33,4.5,0.0,0.0,0.0,0.0,,0.0,0.0,0.0,0.0,0.0,0.0,0.0,0.0,0.0,0.0,0.0,0.0,0.0,0.0,0.0,0.0,0.0,0.0,0.0,0.0,0.0,0.0,0.0,0.0,0.0,0.0,0.0,0.0,0,0.44462095875139357,0.0,0.3102006688963211,2.0,10.2,off_track_estimated,371.0,"🔴 You're off track, Ravi Driver184. You've earned ₹371 of your ₹1196 goal (5.0 of 7.2 hours elapsed). Your current pace is ₹167/hr — ₹0 above the required ₹167/hr. At this pace you're projected to finish at ₹371 — ₹825 short of your goal. To close the gap, you need ₹381/hr over your remaining 2.2 hours. (Velocity estimated from goal data — no live log entry found.)",at_risk
GOAL184,DRV185,2024-02-06,1900-01-01 08:17:00,1900-01-01 16:27:00,1198,8.1,560,6.9,in_progress,81.16,on_track,8.166666666666666,0.8448979591836736,1.2666666666666657,638,Amit Driver185,Bangalore,full_day,8.0,173,43,4.6,0.0,0.0,0.0,0.0,,0.0,0.0,0.0,0.0,0.0,0.0,0.0,1.0,313.0,313.0,284.5454545454545,28.0,14.0,670.7142857142858,22.357142857142858,0.0,0.0,0.0,0.0,0.0,0.0,0.0,313.0,284.5454545454545,670.7142857142858,0.0,1.0,1.0,0,0.5532570387037977,0.0,0.4674457429048414,2.0,13.9,off_track_estimated,560.0,"🔴 You're off track, Amit Driver185. You've earned ₹560 of your ₹1198 goal (6.9 of 8.2 hours elapsed). Your current pace is ₹147/hr — ₹0 above the required ₹147/hr. At this pace you're projected to finish at ₹560 — ₹638 short of your goal. To close the gap, you need ₹504/hr over your remaining 1.3 hours. (Velocity estimated from goal data — no live log entry found.)",at_risk
GOAL185,DRV186,2024-02-06,1900-01-01 10:18:00,1900-01-01 18:28:00,1596,7.6,533,2.2,in_progress,242.27,ahead,8.166666666666666,0.2693877551020409,5.966666666666666,1063,Arun Driver186,Kolkata,full_day,8.7,178,16,4.7,227.11,192.0,1.1828645833333333,35.110000000000014,ahead,754.0,3.32,11.0,227.11,0.0,0.0,1.0,0.0,0.0,0.0,0.0,0.0,0.0,0.0,0.0,0.0,0.0,0.0,0.0,0.0,0.0,0.0,0.0,0.0,0.0,0.0,0.0,0.0,1,1.2396996278575223,1.1828645833333333,1.1830135756056808,0.9278980446927375,58.7,slightly_behind,1888.0896666666665,"🟡 You're slightly behind pace, Arun Driver186. You've earned ₹533 of your ₹1596 goal (2.2 of 8.2 hours elapsed). Your current pace is ₹227/hr — ₹35 above the required ₹192/hr. At this pace you're projected to finish at ₹1888 — ₹292 above your goal.",at_risk
GOAL186,DRV187,2024-02-06,1900-01-01 07:53:00,1900-01-01 14:03:00,1672,8.5,1276,7.0,at_risk,182.29,ahead,6.166666666666667,1.0,0.0,396,Manoj Driver187,Ahmedabad,full_day,8.3,182,43,4.8,0.0,0.0,0.0,0.0,,0.0,0.0,0.0,0.0,0.0,0.0,0.0,0.0,0.0,0.0,0.0,0.0,0.0,0.0,0.0,0.0,0.0,0.0,0.0,0.0,0.0,0.0,0.0,0.0,0.0,0.0,0.0,0.0,0,0.6723057644110276,0.0,0.7631578947368421,2.0,19.9,off_track_estimated,1276.0,"🔴 You're off track, Manoj Driver187. You've earned ₹1276 of your ₹1672 goal (7.0 of 6.2 hours elapsed). Your current pace is ₹271/hr — ₹0 above the required ₹271/hr. At this pace you're projected to finish at ₹1276 — ₹396 short of your goal. (Velocity estimated from goal data — no live log entry found.)",at_risk
GOAL187,DRV188,2024-02-06,1900-01-01 06:26:00,1900-01-01 15:36:00,1178,6.5,334,7.5,achieved,44.53,at_risk,9.166666666666666,0.8181818181818182,1.666666666666666,844,Sandeep Driver188,Pune,afternoon,6.3,197,28,4.8,195.79,204.0,0.9597549019607843,-8.210000000000008,on_track,697.0,3.56,5.0,271.35,-151.12,0.2784595540814447,2.0,2.0,494.0,247.0,197.05128205128204,28.5,10.55,528.7212276214834,24.618094178717094,0.2,0.0,1.0,0.0,0.0,0.5,0.0,247.0,197.05128205128204,528.7212276214834,0.2,1.0,1.0,1,0.3465383889832107,0.9597549019607843,0.5605404640633842,2.0,24.7,off_track,660.3166666666666,"🔴 You're off track, Sandeep Driver188. You've earned ₹334 of your ₹1178 goal (7.5 of 9.2 hours elapsed). Your current pace is ₹196/hr — ₹8 below the required ₹204/hr. At this pace you're projected to finish at ₹660 — ₹518 short of your goal. To close the gap, you need ₹506/hr over your remaining 1.7 hours.",at_risk
GOAL188,DRV189,2024-02-06,1900-01-01 08:44:00,1900-01-01 16:54:00,1242,9.3,900,2.6,achieved,346.15,on_track,8.166666666666666,0.31836734693877555,5.566666666666666,342,Naveen Driver189,Bangalore,morning,8.4,197,31,4.6,255.04,177.0,1.4409039548022597,78.03999999999999,ahead,1543.0,6.05,12.0,255.04,0.0,0.0,1.0,4.0,1518.0,379.5,282.4459706959707,30.0,16.075,791.7278541180538,23.669509986985798,0.2,2.0,2.0,0.0,0.5,0.5,0.0,362.0,265.8253968253968,808.7799959669287,0.13333333333333333,0.9538866930171278,1.0215378829482642,1,2.276105536975102,1.4409039548022597,1.8677316156736445,0.347102405358774,87.6,ahead,2319.7226666666666,"✅ You're ahead of pace, Naveen Driver189. You've earned ₹900 of your ₹1242 goal (2.6 of 8.2 hours elapsed). Your current pace is ₹255/hr — ₹78 above the required ₹177/hr. At this pace you're projected to finish at ₹2320 — ₹1078 above your goal.",ahead
GOAL189,DRV190,2024-02-06,1900-01-01 06:14:00,1900-01-01 13:24:00,1245,8.8,829,2.3,in_progress,360.43,on_track,7.166666666666667,0.3209302325581395,4.866666666666667,416,Amit Driver190,Chennai,morning,8.7,180,30,4.8,271.08,192.0,1.411875,79.07999999999998,ahead,778.0,2.87,7.0,271.08,0.0,0.0,1.0,0.0,0.0,0.0,0.0,0.0,0.0,0.0,0.0,0.0,0.0,0.0,0.0,0.0,0.0,0.0,0.0,0.0,0.0,0.0,0.0,0.0,1,2.0747919213084223,1.411875,1.725506827309237,0.44520547945205474,84.1,ahead,2148.2560000000003,"✅ You're ahead of pace, Amit Driver190. You've earned ₹829 of your ₹1245 goal (2.3 of 7.2 hours elapsed). Your current pace is ₹271/hr — ₹79 above the required ₹192/hr. At this pace you're projected to finish at ₹2148 — ₹903 above your goal.",ahead
GOAL190,DRV191,2024-02-06,1900-01-01 09:44:00,1900-01-01 15:54:00,1179,6.1,695,6.4,in_progress,108.59,on_track,6.166666666666667,1.0,0.0,484,Kiran Driver191,Delhi,full_day,6.2,184,20,4.8,821.43,205.0,4.006975609756097,616.43,ahead,2300.0,2.8,4.0,821.43,0.0,0.0,1.0,2.0,728.0,364.0,259.38461538461536,25.5,11.95,891.6118421052632,32.3361013986014,0.0,1.0,0.0,0.0,0.5,0.0,0.0,364.0,259.38461538461536,891.6118421052632,0.0,1.0,1.0,1,0.5679910588068985,4.006975609756097,0.5894826123833757,2.0,40.9,at_risk,695.0,"🟠 You're at risk, Kiran Driver191. You've earned ₹695 of your ₹1179 goal (6.4 of 6.2 hours elapsed). Your current pace is ₹821/hr — ₹616 above the required ₹205/hr. At this pace you're projected to finish at ₹695 — ₹484 short of your goal.",at_risk
GOAL191,DRV192,2024-02-06,1900-01-01 06:02:00,1900-01-01 16:12:00,1707,6.2,443,7.4,in_progress,59.86,on_track,10.166666666666666,0.7278688524590164,2.7666666666666657,1264,Sanjay Driver192,Bangalore,morning,8.6,185,47,5.0,295.65,175.0,1.6894285714285713,120.64999999999998,ahead,680.0,2.3,2.0,295.65,0.0,0.0,1.0,1.0,420.0,420.0,350.0,33.0,8.0,763.6363636363636,52.5,0.4,0.0,1.0,0.0,0.0,1.0,0.0,420.0,350.0,763.6363636363636,0.4,1.0,1.0,1,0.3565472326456509,1.6894285714285713,0.7387024018746337,2.0,36.7,at_risk,1260.9649999999997,"🟠 You're at risk, Sanjay Driver192. You've earned ₹443 of your ₹1707 goal (7.4 of 10.2 hours elapsed). Your current pace is ₹296/hr — ₹121 above the required ₹175/hr. At this pace you're projected to finish at ₹1261 — ₹446 short of your goal. To close the gap, you need ₹457/hr over your remaining 2.8 hours.",at_risk
GOAL192,DRV193,2024-02-06,1900-01-01 08:42:00,1900-01-01 14:52:00,1198,9.1,1142,5.4,at_risk,211.48,on_track,6.166666666666667,0.8756756756756757,0.7666666666666666,56,Rekha Driver193,Mumbai,evening,8.4,177,27,4.7,0.0,0.0,0.0,0.0,,0.0,0.0,0.0,0.0,0.0,0.0,0.0,2.0,664.0,332.0,273.9160839160839,29.0,14.4,699.7849462365591,22.863266814486327,0.0,0.0,0.0,0.0,0.0,0.0,0.0,332.0,273.9160839160839,699.7849462365591,0.0,1.0,1.0,0,1.0885941589892618,0.0,0.9532554257095158,0.3759889671191116,44.1,at_risk_estimated,1142.0,"🟠 You're at risk, Rekha Driver193. You've earned ₹1142 of your ₹1198 goal (5.4 of 6.2 hours elapsed). Your current pace is ₹194/hr — ₹0 above the required ₹194/hr. At this pace you're projected to finish at ₹1142 — ₹56 short of your goal. To close the gap, you need ₹73/hr over your remaining 0.8 hours. (Velocity estimated from goal data — no live log entry found.)",at_risk
GOAL193,DRV194,2024-02-06,1900-01-01 07:42:00,1900-01-01 15:52:00,1129,6.4,1066,6.4,achieved,166.56,ahead,8.166666666666666,0.7836734693877552,1.7666666666666657,63,Rahul Driver194,Chennai,afternoon,8.6,183,21,4.7,0.0,0.0,0.0,0.0,,0.0,0.0,0.0,0.0,0.0,0.0,0.0,1.0,241.0,241.0,219.09090909090907,28.0,17.6,516.4285714285714,13.693181818181817,0.0,0.0,0.0,0.0,0.0,0.0,0.0,241.0,219.09090909090907,516.4285714285714,0.0,1.0,1.0,0,1.2048365072335399,0.0,0.9441984056687334,0.25795076624830804,46.6,slightly_behind_estimated,1066.0,"🟡 You're slightly behind pace, Rahul Driver194. You've earned ₹1066 of your ₹1129 goal (6.4 of 8.2 hours elapsed). Your current pace is ₹138/hr — ₹0 above the required ₹138/hr. At this pace you're projected to finish at ₹1066 — ₹63 short of your goal. (Velocity estimated from goal data — no live log entry found.)",at_risk
GOAL194,DRV195,2024-02-06,1900-01-01 08:22:00,1900-01-01 15:32:00,1612,9.1,1455,3.1,at_risk,469.35,on_track,7.166666666666667,0.4325581395348837,4.066666666666666,157,Vijay Driver195,Ahmedabad,afternoon,8.4,171,32,4.7,427.2,172.0,2.483720930232558,255.2,ahead,1649.0,3.86,15.0,342.16999999999996,170.0599999999999,0.24850220650553823,2.0,1.0,218.0,218.0,198.18181818181816,38.0,17.0,344.2105263157895,12.823529411764707,0.4,0.0,1.0,0.0,0.0,1.0,0.0,218.0,198.18181818181816,344.2105263157895,0.4,1.0,1.0,1,2.086668534379253,2.483720930232558,1.9803225806451612,0.22445672893633248,97.5,ahead,3192.2799999999997,"✅ You're ahead of pace, Vijay Driver195. You've earned ₹1455 of your ₹1612 goal (3.1 of 7.2 hours elapsed). Your current pace is ₹427/hr — ₹255 above the required ₹172/hr. At this pace you're projected to finish at ₹3192 — ₹1580 above your goal.",ahead
GOAL195,DRV196,2024-02-06,1900-01-01 06:52:00,1900-01-01 16:02:00,1114,8.1,932,2.7,achieved,345.19,on_track,9.166666666666666,0.2945454545454546,6.466666666666666,182,Sandeep Driver196,Mumbai,evening,6.6,188,20,4.9,301.85,179.0,1.6863128491620114,122.85000000000002,ahead,2282.0,7.56,5.0,301.85,0.0,0.0,1.0,0.0,0.0,0.0,0.0,0.0,0.0,0.0,0.0,0.0,0.0,0.0,0.0,0.0,0.0,0.0,0.0,0.0,0.0,0.0,0.0,0.0,1,2.8403927566105893,1.6863128491620114,2.0,0.15723089327881126,94.5,ahead,2883.963333333333,"✅ You're ahead of pace, Sandeep Driver196. You've earned ₹932 of your ₹1114 goal (2.7 of 9.2 hours elapsed). Your current pace is ₹302/hr — ₹123 above the required ₹179/hr. At this pace you're projected to finish at ₹2884 — ₹1770 above your goal.",ahead
GOAL196,DRV197,2024-02-06,1900-01-01 10:00:00,1900-01-01 16:10:00,1319,9.7,1172,3.9,at_risk,300.51,on_track,6.166666666666667,0.6324324324324324,2.266666666666667,147,Kavitha Driver197,Hyderabad,morning,7.6,170,12,4.6,331.44,169.0,1.9611834319526626,162.44,ahead,2330.0,7.03,3.0,331.44,0.0,0.0,1.0,1.0,180.0,180.0,128.57142857142858,23.0,10.5,469.5652173913044,17.142857142857142,0.4,1.0,0.0,1.0,1.0,0.0,1.0,180.0,128.57142857142858,469.5652173913044,0.4,1.0,1.0,1,1.4049752791223604,1.9611834319526626,1.458122820318423,0.3837452140619561,80.1,ahead,1923.2640000000001,"✅ You're ahead of pace, Kavitha Driver197. You've earned ₹1172 of your ₹1319 goal (3.9 of 6.2 hours elapsed). Your current pace is ₹331/hr — ₹162 above the required ₹169/hr. At this pace you're projected to finish at ₹1923 — ₹604 above your goal. Note: 100% of your trips have been high-surge — this pace may be harder to sustain once surge drops.",ahead
GOAL197,DRV198,2024-02-06,1900-01-01 09:43:00,1900-01-01 15:53:00,1285,9.3,977,4.3,at_risk,227.21,on_track,6.166666666666667,0.6972972972972973,1.8666666666666671,308,Vijay Driver198,Chennai,morning,6.1,194,22,5.0,0.0,0.0,0.0,0.0,,0.0,0.0,0.0,0.0,0.0,0.0,0.0,4.0,1266.0,316.5,260.79761904761904,29.75,13.200000000000001,632.8716512955643,23.46652636689411,0.35000000000000003,2.0,2.0,1.0,0.5,0.5,0.25,329.6666666666667,281.77777777777777,675.9500805152979,0.3333333333333333,1.04160084254871,1.068068192233839,0,1.090368895725877,0.0,0.7603112840466926,0.7918287937743189,37.1,at_risk_estimated,977.0,"🟠 You're at risk, Vijay Driver198. You've earned ₹977 of your ₹1285 goal (4.3 of 6.2 hours elapsed). Your current pace is ₹208/hr — ₹0 above the required ₹208/hr. At this pace you're projected to finish at ₹977 — ₹308 short of your goal. To close the gap, you need ₹165/hr over your remaining 1.9 hours. (Velocity estimated from goal data — no live log entry found.)",at_risk
GOAL198,DRV199,2024-02-06,1900-01-01 09:07:00,1900-01-01 17:17:00,1226,7.9,478,4.7,achieved,101.7,ahead,8.166666666666666,0.5755102040816327,3.466666666666666,748,Sandeep Driver199,Bangalore,evening,7.7,204,13,4.5,0.0,0.0,0.0,0.0,,0.0,0.0,0.0,0.0,0.0,0.0,0.0,1.0,169.0,169.0,140.83333333333334,28.0,10.2,362.1428571428571,16.568627450980394,0.4,0.0,0.0,1.0,0.0,0.0,1.0,169.0,140.83333333333334,362.1428571428571,0.4,1.0,1.0,0,0.6774611548829729,0.0,0.3898858075040783,1.4372882419375081,19.9,off_track_estimated,478.0,"🔴 You're off track, Sandeep Driver199. You've earned ₹478 of your ₹1226 goal (4.7 of 8.2 hours elapsed). Your current pace is ₹150/hr — ₹0 above the required ₹150/hr. At this pace you're projected to finish at ₹478 — ₹748 short of your goal. To close the gap, you need ₹216/hr over your remaining 3.5 hours. (Velocity estimated from goal data — no live log entry found.)",at_risk
GOAL199,DRV200,2024-02-06,1900-01-01 08:35:00,1900-01-01 14:45:00,1184,7.3,318,4.0,achieved,79.5,ahead,6.166666666666667,0.6486486486486486,2.166666666666667,866,Sandeep Driver200,Ahmedabad,morning,6.1,203,27,4.6,440.93,173.0,2.548728323699422,267.93,ahead,1799.0,4.08,5.0,440.93,0.0,0.0,1.0,0.0,0.0,0.0,0.0,0.0,0.0,0.0,0.0,0.0,0.0,0.0,0.0,0.0,0.0,0.0,0.0,0.0,0.0,0.0,0.0,0.0,1,0.41406250000000006,2.548728323699422,1.0754631193693693,2.0,46.3,slightly_behind,1273.3483333333334,"🟡 You're slightly behind pace, Sandeep Driver200. You've earned ₹318 of your ₹1184 goal (4.0 of 6.2 hours elapsed). Your current pace is ₹441/hr — ₹268 above the required ₹173/hr. At this pace you're projected to finish at ₹1273 — ₹89 above your goal.",at_risk
GOAL210,DRV011,2024-02-06,1900-01-01 06:48:00,1900-01-01 12:58:00,1540,9.5,443,4.0,achieved,110.75,at_risk,6.166666666666667,0.6486486486486486,2.166666666666667,1097,Neha Driver11,Ahmedabad,morning,6.3,184,8,4.6,293.13,189.0,1.5509523809523809,104.13,ahead,2049.0,6.99,5.0,304.19,-22.12000000000004,0.036358854663203925,2.0,2.0,405.0,202.5,170.66666666666666,27.0,15.7,463.969144460028,13.456735805573015,0.2,1.0,0.0,1.0,0.5,0.0,0.5,202.5,170.66666666666666,463.969144460028,0.2,1.0,1.0,1,0.4434794372294373,1.5509523809523809,0.7000746753246755,2.0,35.4,at_risk,1078.1150000000002,"🟠 You're at risk, Neha Driver11. You've earned ₹443 of your ₹1540 goal (4.0 of 6.2 hours elapsed). Your current pace is ₹293/hr — ₹104 above the required ₹189/hr. At this pace you're projected to finish at ₹1078 — ₹462 short of your goal. To close the gap, you need ₹506/hr over your remaining 2.2 hours.",at_risk
